customer_order_id, menu_item_id, amount
1, 2, 9
1, 9, 10
2, 3, 5
2, 16, 3
3, 1, 10
3, 19, 4
4, 9, 5
4, 17, 3
4, 14, 10
5, 18, 12
6, 15, 11
6, 13, 2
7, 13, 8
7, 9, 1
7, 4, 11
8, 3, 13
9, 18, 13
10, 4, 6
10, 13, 2
10, 15, 13
11, 18, 6
11, 4, 1
12, 11, 1
12, 19, 10
13, 6, 3
13, 2, 3
14, 6, 4
14, 12, 12
14, 19, 13
15, 18, 9
16, 15, 3
16, 2, 5
16, 8, 6
17, 20, 2
17, 2, 3
17, 13, 10
18, 9, 7
18, 4, 1
19, 4, 6
19, 15, 11
20, 6, 8
20, 15, 8
20, 8, 6
21, 5, 8
21, 17, 13
21, 11, 8
22, 16, 4
23, 2, 10
23, 6, 10
23, 9, 12
24, 8, 1
25, 8, 12
25, 13, 2
26, 6, 6
26, 8, 13
26, 14, 10
27, 16, 2
27, 14, 12
28, 6, 1
29, 5, 2
29, 12, 12
29, 16, 12
30, 11, 2
30, 8, 2
30, 13, 7
31, 20, 3
31, 19, 2
31, 3, 4
32, 4, 2
32, 18, 7
32, 15, 12
33, 6, 7
33, 3, 3
34, 5, 5
34, 3, 4
35, 13, 3
35, 8, 13
36, 2, 8
36, 15, 7
37, 9, 11
37, 13, 9
37, 11, 5
38, 13, 1
39, 11, 3
39, 8, 2
39, 13, 4
40, 14, 9
40, 7, 5
40, 5, 10
41, 15, 6
41, 13, 10
42, 13, 7
42, 1, 8
42, 15, 2
43, 16, 4
43, 4, 6
43, 13, 6
44, 20, 9
44, 4, 11
45, 7, 4
45, 17, 5
46, 6, 9
46, 7, 9
46, 13, 9
47, 17, 1
47, 13, 8
47, 3, 8
48, 10, 13
48, 9, 1
48, 2, 2
49, 14, 11
49, 4, 7
49, 8, 12
50, 14, 7
51, 15, 2
52, 3, 13
52, 13, 1
52, 9, 3
53, 10, 2
54, 5, 3
54, 17, 4
55, 12, 13
55, 13, 2
56, 20, 2
56, 16, 12
56, 12, 5
57, 10, 6
58, 3, 10
59, 5, 9
59, 6, 2
60, 11, 12
60, 17, 13
60, 14, 5
61, 13, 11
61, 19, 5
61, 2, 13
62, 10, 1
62, 8, 8
62, 5, 1
63, 2, 10
64, 10, 3
64, 13, 10
65, 7, 6
65, 18, 13
66, 12, 4
66, 13, 10
66, 4, 9
67, 2, 12
67, 7, 13
68, 13, 6
68, 11, 3
69, 18, 10
69, 1, 12
69, 20, 2
70, 10, 1
70, 3, 11
70, 8, 2
71, 3, 13
71, 12, 11
72, 10, 8
72, 1, 2
73, 13, 4
74, 15, 12
74, 18, 9
74, 9, 8
75, 7, 12
75, 15, 9
76, 5, 12
76, 7, 3
77, 16, 13
77, 9, 3
78, 11, 8
79, 5, 10
80, 17, 5
81, 8, 12
82, 14, 4
82, 13, 8
83, 9, 4
83, 19, 10
84, 1, 11
84, 2, 7
85, 14, 8
85, 19, 3
86, 10, 2
86, 6, 5
86, 13, 11
87, 11, 4
87, 20, 12
87, 6, 4
88, 4, 8
89, 10, 2
90, 17, 10
90, 10, 9
91, 6, 6
91, 11, 1
91, 19, 11
92, 3, 6
92, 13, 8
93, 18, 2
94, 6, 7
94, 19, 13
95, 6, 3
96, 20, 5
96, 10, 1
96, 9, 6
97, 20, 9
97, 4, 1
97, 8, 8
98, 7, 13
98, 20, 11
98, 15, 9
99, 5, 9
99, 20, 9
99, 15, 6
100, 12, 4
101, 15, 6
101, 19, 2
101, 5, 3
102, 19, 2
102, 6, 11
103, 1, 1
103, 20, 7
104, 1, 3
104, 16, 13
105, 14, 8
106, 1, 9
107, 6, 2
107, 3, 12
108, 6, 6
108, 15, 3
108, 16, 10
109, 18, 1
109, 12, 1
109, 16, 13
110, 9, 1
110, 12, 7
111, 12, 8
111, 4, 11
112, 6, 5
112, 15, 7
112, 17, 5
113, 19, 5
113, 15, 5
113, 20, 1
114, 8, 3
115, 9, 4
115, 18, 10
116, 3, 13
117, 5, 8
117, 4, 12
117, 2, 2
118, 18, 3
119, 19, 3
119, 2, 8
120, 13, 11
121, 2, 13
121, 14, 2
122, 16, 7
122, 11, 2
122, 7, 9
123, 5, 11
123, 20, 3
124, 11, 12
125, 5, 11
126, 2, 11
126, 1, 6
127, 9, 13
128, 4, 8
128, 13, 5
129, 6, 7
129, 20, 10
130, 8, 9
130, 17, 7
131, 18, 6
131, 3, 10
131, 8, 13
132, 1, 13
132, 18, 5
133, 11, 9
133, 19, 2
134, 9, 7
134, 11, 12
135, 17, 8
135, 6, 4
136, 16, 12
137, 16, 13
137, 4, 5
137, 18, 7
138, 19, 11
139, 6, 2
140, 15, 3
141, 10, 1
141, 1, 1
141, 16, 2
142, 17, 6
143, 20, 9
144, 1, 7
144, 13, 7
144, 11, 11
145, 1, 4
145, 18, 10
146, 2, 1
146, 16, 6
147, 18, 2
148, 5, 10
149, 18, 7
149, 19, 5
149, 13, 7
150, 17, 10
151, 6, 8
152, 17, 3
152, 2, 3
152, 13, 1
153, 2, 1
154, 7, 10
155, 6, 10
156, 4, 6
156, 12, 11
156, 5, 1
157, 20, 4
157, 4, 4
157, 1, 5
158, 5, 12
158, 16, 10
159, 7, 9
159, 14, 2
159, 16, 6
160, 19, 12
160, 7, 1
161, 19, 2
162, 6, 1
163, 5, 12
163, 8, 1
164, 16, 4
164, 14, 4
165, 2, 2
165, 20, 3
165, 11, 13
166, 18, 5
166, 2, 3
166, 1, 1
167, 17, 3
167, 16, 2
168, 11, 12
168, 13, 3
168, 16, 3
169, 12, 11
169, 13, 10
169, 4, 3
170, 2, 11
171, 16, 8
172, 7, 10
172, 14, 11
173, 12, 8
174, 13, 7
174, 5, 9
174, 19, 5
175, 10, 8
176, 5, 10
177, 15, 7
177, 5, 5
178, 14, 7
178, 16, 1
178, 7, 4
179, 16, 10
179, 15, 5
179, 3, 3
180, 16, 4
180, 2, 7
180, 19, 1
181, 11, 5
182, 14, 4
182, 17, 5
183, 10, 7
184, 20, 11
184, 14, 13
184, 7, 9
185, 4, 6
185, 12, 9
185, 18, 2
186, 7, 9
187, 5, 9
187, 3, 5
187, 13, 4
188, 16, 6
188, 3, 9
188, 20, 4
189, 3, 5
189, 19, 5
190, 13, 5
190, 11, 9
190, 6, 8
191, 4, 13
192, 17, 4
192, 1, 6
192, 6, 7
193, 4, 1
193, 7, 3
193, 16, 13
194, 15, 7
195, 10, 10
195, 1, 2
195, 5, 10
196, 9, 3
196, 2, 4
196, 12, 6
197, 13, 2
198, 10, 9
199, 14, 11
200, 12, 1
201, 5, 5
202, 5, 6
202, 20, 4
202, 8, 13
203, 14, 9
203, 18, 6
204, 12, 1
205, 6, 13
205, 8, 1
206, 9, 11
206, 16, 12
207, 17, 13
207, 18, 11
207, 4, 12
208, 5, 8
208, 12, 2
209, 8, 2
209, 15, 9
209, 6, 5
210, 19, 13
211, 15, 1
211, 5, 3
211, 3, 5
212, 9, 7
212, 13, 4
212, 16, 1
213, 6, 13
213, 12, 11
214, 6, 10
215, 7, 3
215, 12, 4
215, 8, 12
216, 1, 8
216, 17, 4
217, 2, 6
217, 18, 2
217, 10, 6
218, 6, 13
219, 6, 2
219, 10, 8
220, 7, 12
220, 17, 10
221, 7, 1
221, 13, 1
222, 11, 9
223, 18, 13
223, 16, 12
224, 13, 6
225, 1, 7
226, 20, 12
227, 17, 9
227, 2, 1
227, 5, 12
228, 11, 11
228, 4, 6
229, 4, 10
230, 13, 7
230, 3, 12
231, 20, 10
231, 3, 8
232, 6, 3
232, 3, 5
232, 4, 8
233, 15, 12
234, 2, 11
234, 20, 2
235, 10, 13
235, 3, 11
236, 8, 10
236, 9, 4
236, 2, 12
237, 11, 1
237, 7, 8
238, 10, 1
239, 15, 8
239, 17, 5
240, 11, 13
240, 12, 12
240, 4, 5
241, 13, 3
241, 9, 13
241, 2, 4
242, 5, 10
243, 5, 3
243, 7, 11
243, 9, 10
244, 17, 5
245, 16, 5
245, 3, 1
245, 11, 8
246, 8, 12
247, 18, 11
247, 16, 6
248, 19, 2
248, 15, 5
248, 7, 12
249, 16, 10
249, 15, 3
249, 13, 13
250, 15, 8
250, 8, 11
250, 19, 10
251, 7, 9
252, 5, 8
253, 18, 5
253, 14, 8
254, 1, 9
255, 7, 11
255, 15, 11
255, 8, 5
256, 9, 2
257, 18, 1
257, 16, 1
257, 13, 10
258, 9, 3
259, 9, 7
259, 12, 1
260, 8, 2
260, 18, 1
260, 2, 12
261, 17, 2
262, 15, 5
263, 6, 7
263, 18, 10
263, 9, 6
264, 7, 5
265, 15, 8
265, 7, 6
265, 3, 11
266, 19, 12
267, 10, 1
267, 7, 8
267, 19, 9
268, 17, 13
268, 19, 13
268, 11, 3
269, 5, 5
269, 14, 11
270, 16, 9
270, 9, 10
270, 3, 8
271, 17, 11
271, 20, 7
272, 3, 5
272, 14, 10
272, 11, 4
273, 8, 9
273, 16, 8
273, 15, 12
274, 1, 9
275, 13, 6
275, 8, 10
275, 11, 12
276, 13, 10
276, 8, 5
276, 17, 4
277, 1, 3
278, 4, 4
278, 6, 5
278, 19, 1
279, 11, 11
279, 17, 13
280, 6, 13
281, 10, 6
281, 18, 6
281, 4, 2
282, 12, 6
283, 15, 2
283, 7, 1
284, 15, 7
284, 16, 5
284, 3, 2
285, 7, 6
285, 20, 9
285, 5, 6
286, 15, 11
286, 5, 9
286, 3, 5
287, 17, 1
287, 11, 4
287, 18, 2
288, 8, 8
288, 12, 2
289, 2, 9
289, 1, 1
289, 16, 7
290, 8, 6
291, 10, 11
292, 9, 9
292, 11, 8
292, 17, 1
293, 20, 8
294, 12, 13
294, 9, 13
295, 11, 2
295, 18, 9
296, 12, 9
297, 15, 3
298, 2, 6
298, 7, 5
299, 12, 1
299, 5, 6
300, 3, 13
300, 1, 4
301, 2, 12
301, 7, 8
301, 13, 10
302, 17, 13
303, 4, 3
303, 17, 2
304, 12, 12
305, 14, 4
306, 4, 3
306, 2, 11
307, 11, 8
307, 9, 3
308, 2, 8
308, 3, 11
309, 10, 12
310, 18, 3
311, 6, 9
311, 3, 12
312, 8, 8
313, 20, 3
313, 10, 7
314, 5, 3
314, 3, 10
314, 2, 9
315, 20, 11
315, 2, 12
316, 18, 2
316, 16, 13
317, 12, 11
317, 5, 10
318, 8, 10
318, 2, 4
318, 17, 1
319, 17, 5
320, 15, 9
320, 4, 10
321, 16, 13
321, 2, 9
322, 7, 12
323, 13, 8
324, 11, 12
325, 3, 7
326, 6, 10
327, 10, 6
327, 7, 9
327, 12, 2
328, 12, 9
328, 11, 9
329, 13, 8
329, 8, 7
329, 17, 2
330, 15, 5
331, 15, 3
331, 13, 3
332, 2, 7
332, 8, 8
332, 18, 4
333, 5, 2
333, 19, 5
333, 3, 13
334, 2, 8
334, 4, 9
335, 5, 10
336, 9, 5
336, 19, 10
337, 3, 10
337, 19, 13
337, 20, 6
338, 20, 2
338, 16, 5
339, 12, 5
339, 5, 6
339, 18, 6
340, 3, 10
341, 10, 2
341, 3, 3
342, 2, 7
342, 7, 13
343, 18, 6
343, 6, 8
343, 17, 12
344, 3, 8
344, 20, 5
345, 11, 3
346, 2, 13
346, 6, 7
346, 3, 4
347, 19, 7
348, 16, 11
348, 15, 13
348, 10, 10
349, 5, 8
349, 9, 10
349, 14, 11
350, 9, 5
350, 12, 13
351, 1, 5
351, 15, 5
352, 17, 1
353, 6, 3
354, 12, 10
355, 7, 3
355, 13, 8
356, 7, 6
357, 13, 1
357, 3, 12
358, 15, 6
358, 2, 5
358, 12, 9
359, 16, 12
359, 15, 4
359, 6, 6
360, 6, 1
361, 6, 13
361, 12, 2
361, 14, 12
362, 7, 1
362, 1, 13
363, 6, 6
364, 3, 3
364, 10, 1
365, 3, 12
365, 14, 2
366, 14, 2
366, 9, 2
367, 17, 10
368, 17, 13
368, 10, 4
369, 8, 9
370, 15, 12
371, 15, 9
371, 9, 6
372, 9, 12
372, 15, 13
372, 1, 12
373, 19, 13
374, 14, 1
374, 13, 2
375, 17, 9
376, 13, 13
377, 14, 11
378, 2, 3
379, 20, 10
379, 15, 1
379, 11, 6
380, 6, 3
381, 15, 1
381, 7, 13
381, 18, 2
382, 3, 7
383, 5, 4
384, 8, 3
385, 3, 7
385, 12, 5
385, 20, 3
386, 9, 6
386, 7, 5
387, 19, 13
388, 16, 12
388, 4, 9
389, 12, 11
390, 12, 2
390, 4, 12
391, 7, 1
391, 13, 7
392, 9, 11
392, 6, 13
393, 18, 6
394, 19, 7
395, 16, 2
396, 17, 6
396, 3, 12
397, 10, 7
397, 2, 8
397, 12, 6
398, 4, 3
399, 12, 11
399, 10, 1
399, 16, 6
400, 8, 1
400, 2, 5
400, 11, 11
401, 14, 2
401, 15, 13
402, 6, 6
403, 2, 6
403, 15, 4
403, 5, 11
404, 16, 10
404, 13, 3
405, 12, 6
405, 4, 11
405, 11, 12
406, 8, 1
406, 1, 9
407, 20, 10
407, 14, 10
408, 1, 12
409, 2, 9
410, 20, 5
410, 3, 2
411, 19, 10
412, 15, 9
412, 2, 3
412, 9, 6
413, 2, 12
413, 18, 1
413, 19, 8
414, 12, 5
414, 10, 12
415, 3, 13
415, 19, 12
416, 15, 9
417, 2, 13
417, 7, 8
418, 7, 4
419, 8, 13
420, 7, 2
420, 16, 2
421, 3, 6
421, 20, 5
421, 12, 7
422, 1, 9
422, 18, 9
423, 19, 7
424, 10, 6
424, 12, 6
425, 1, 6
425, 14, 6
425, 13, 12
426, 3, 1
426, 17, 13
426, 9, 9
427, 1, 8
427, 16, 13
427, 7, 10
428, 11, 5
429, 15, 8
429, 7, 9
429, 20, 3
430, 8, 10
431, 10, 10
431, 13, 13
431, 11, 2
432, 3, 10
433, 16, 5
434, 15, 9
435, 1, 6
435, 7, 10
435, 14, 13
436, 17, 4
436, 9, 8
436, 19, 10
437, 13, 9
438, 19, 7
439, 6, 9
439, 19, 1
440, 13, 10
440, 16, 12
440, 12, 12
441, 2, 1
441, 13, 4
442, 12, 10
442, 19, 12
442, 8, 3
443, 8, 8
443, 1, 2
443, 3, 9
444, 5, 9
445, 10, 12
445, 5, 8
446, 12, 4
447, 1, 11
448, 7, 11
448, 11, 11
448, 14, 12
449, 9, 7
450, 3, 10
451, 17, 11
451, 7, 11
452, 9, 5
452, 10, 13
452, 14, 1
453, 12, 12
453, 17, 2
453, 8, 9
454, 5, 13
455, 11, 2
455, 7, 7
456, 20, 3
456, 17, 4
457, 10, 1
458, 5, 6
458, 7, 12
459, 5, 3
459, 1, 1
459, 18, 6
460, 4, 1
460, 15, 6
461, 3, 2
461, 17, 6
462, 3, 2
462, 10, 3
462, 14, 4
463, 12, 9
463, 14, 1
464, 8, 7
464, 6, 8
465, 1, 10
465, 7, 4
465, 17, 8
466, 6, 13
467, 3, 1
467, 18, 13
468, 17, 9
468, 16, 12
469, 9, 7
469, 7, 5
469, 5, 7
470, 12, 10
470, 8, 2
471, 15, 11
472, 5, 6
472, 20, 3
473, 16, 9
473, 1, 8
473, 9, 11
474, 6, 8
475, 2, 2
476, 7, 12
476, 8, 11
477, 7, 10
477, 6, 7
478, 20, 2
479, 19, 5
480, 14, 3
480, 17, 11
480, 19, 6
481, 10, 12
482, 2, 10
482, 19, 4
482, 16, 10
483, 5, 8
483, 16, 11
483, 1, 9
484, 12, 13
485, 20, 9
485, 1, 2
486, 1, 8
487, 10, 2
487, 14, 3
488, 17, 10
489, 15, 6
490, 12, 5
490, 2, 2
490, 1, 3
491, 16, 2
491, 9, 1
492, 16, 11
492, 20, 2
493, 8, 7
493, 9, 2
493, 16, 2
494, 19, 11
494, 10, 7
495, 14, 11
495, 6, 1
495, 5, 2
496, 6, 5
496, 18, 6
497, 18, 13
498, 13, 4
498, 9, 4
499, 13, 5
500, 3, 10
500, 20, 7
500, 9, 13
501, 8, 5
502, 17, 10
502, 4, 2
502, 3, 4
503, 7, 4
504, 13, 6
504, 6, 8
505, 9, 4
505, 7, 6
505, 18, 4
506, 8, 12
506, 12, 13
506, 15, 11
507, 13, 7
508, 4, 11
508, 9, 1
508, 19, 10
509, 19, 11
510, 11, 7
510, 12, 1
511, 3, 7
512, 19, 8
513, 13, 5
513, 16, 12
514, 10, 13
514, 7, 1
514, 17, 6
515, 11, 5
515, 4, 4
516, 20, 3
516, 6, 5
516, 11, 4
517, 15, 13
517, 1, 11
517, 17, 12
518, 17, 6
518, 9, 6
518, 15, 5
519, 6, 1
519, 13, 2
519, 12, 7
520, 4, 10
521, 4, 2
521, 7, 6
521, 5, 13
522, 19, 10
523, 11, 7
523, 12, 2
524, 13, 8
524, 14, 8
525, 9, 5
525, 1, 9
526, 7, 10
526, 17, 10
526, 1, 13
527, 13, 3
527, 4, 2
528, 5, 7
528, 13, 2
529, 12, 8
529, 16, 4
530, 19, 12
530, 10, 4
531, 10, 2
532, 17, 5
533, 3, 7
534, 7, 12
534, 12, 11
535, 15, 8
535, 1, 1
535, 2, 13
536, 20, 5
536, 14, 1
537, 13, 9
538, 14, 11
539, 14, 5
539, 16, 6
540, 10, 4
541, 13, 8
541, 3, 5
542, 13, 12
542, 15, 3
543, 13, 5
543, 10, 3
544, 14, 11
545, 3, 7
546, 19, 4
546, 20, 13
546, 1, 7
547, 11, 4
548, 5, 11
548, 15, 5
549, 3, 6
549, 12, 1
550, 11, 13
550, 15, 5
550, 18, 1
551, 1, 5
551, 16, 9
552, 4, 6
552, 1, 9
553, 18, 1
553, 6, 13
553, 12, 5
554, 12, 9
554, 2, 8
555, 12, 8
555, 8, 8
556, 11, 6
557, 5, 2
558, 9, 10
558, 20, 13
559, 18, 1
560, 18, 10
560, 4, 6
560, 8, 13
561, 9, 11
561, 19, 2
561, 8, 2
562, 7, 12
563, 1, 13
563, 2, 4
564, 6, 10
565, 16, 3
566, 4, 10
566, 9, 6
566, 7, 7
567, 3, 13
567, 15, 4
568, 19, 7
568, 20, 3
568, 7, 13
569, 5, 2
570, 9, 13
570, 10, 1
571, 19, 10
571, 4, 1
571, 11, 9
572, 4, 12
573, 9, 6
573, 5, 6
573, 12, 7
574, 5, 9
574, 11, 3
574, 18, 5
575, 16, 7
576, 5, 6
576, 18, 3
577, 3, 2
578, 1, 9
579, 15, 4
579, 5, 5
579, 14, 3
580, 5, 11
581, 9, 6
581, 14, 9
581, 16, 10
582, 14, 4
582, 2, 1
583, 1, 2
584, 8, 5
584, 5, 13
584, 6, 8
585, 20, 2
586, 13, 6
586, 15, 8
586, 6, 11
587, 7, 11
588, 3, 3
588, 16, 4
589, 4, 7
589, 7, 2
590, 7, 10
591, 3, 5
591, 11, 13
591, 1, 10
592, 12, 3
593, 2, 9
593, 13, 9
594, 17, 8
595, 19, 12
595, 18, 10
596, 16, 7
596, 20, 2
597, 17, 11
597, 20, 6
598, 19, 2
598, 14, 12
599, 5, 3
600, 10, 4
600, 14, 11
601, 17, 6
601, 15, 7
602, 15, 9
602, 4, 1
602, 14, 10
603, 1, 4
603, 5, 12
603, 19, 7
604, 10, 4
604, 18, 2
604, 13, 13
605, 12, 11
605, 16, 3
605, 5, 2
606, 18, 8
606, 16, 7
607, 2, 1
607, 14, 4
608, 13, 9
609, 7, 8
609, 12, 9
610, 10, 4
610, 5, 4
610, 3, 4
611, 5, 9
611, 19, 9
612, 18, 7
613, 16, 4
613, 17, 9
614, 6, 8
614, 14, 10
614, 11, 10
615, 5, 10
615, 2, 7
615, 9, 12
616, 17, 12
617, 1, 6
618, 13, 9
619, 7, 7
620, 10, 3
621, 18, 4
622, 6, 3
622, 17, 8
623, 4, 9
623, 7, 6
624, 2, 4
624, 8, 6
625, 8, 12
625, 13, 8
625, 4, 6
626, 2, 5
627, 16, 7
628, 12, 2
628, 20, 12
628, 4, 12
629, 1, 12
629, 15, 11
630, 16, 5
630, 19, 11
630, 18, 6
631, 14, 8
632, 10, 9
632, 5, 2
632, 9, 11
633, 9, 1
634, 4, 4
634, 13, 7
635, 1, 8
636, 1, 13
637, 4, 1
638, 1, 10
638, 2, 13
638, 11, 11
639, 7, 13
639, 5, 13
639, 18, 8
640, 10, 2
640, 20, 1
640, 11, 13
641, 15, 5
642, 9, 6
642, 3, 1
643, 1, 12
643, 19, 5
644, 9, 8
644, 16, 12
645, 17, 3
645, 14, 9
646, 1, 12
647, 20, 6
647, 3, 6
648, 18, 13
648, 5, 5
649, 2, 4
649, 20, 4
650, 20, 5
651, 17, 12
652, 3, 13
652, 1, 13
652, 18, 4
653, 5, 2
653, 17, 5
654, 14, 13
655, 5, 3
655, 11, 10
655, 15, 6
656, 19, 10
656, 20, 9
657, 19, 7
658, 18, 3
658, 20, 5
658, 14, 13
659, 7, 7
660, 15, 9
660, 9, 11
660, 4, 13
661, 14, 2
661, 16, 11
661, 9, 11
662, 10, 12
662, 18, 11
663, 20, 13
663, 9, 13
663, 3, 9
664, 11, 12
664, 9, 13
664, 13, 1
665, 9, 10
666, 16, 10
667, 14, 2
667, 8, 5
668, 18, 5
668, 20, 6
669, 12, 11
670, 16, 3
670, 13, 11
670, 1, 10
671, 12, 9
671, 1, 1
671, 4, 8
672, 6, 8
672, 1, 3
672, 18, 10
673, 2, 13
674, 17, 6
674, 5, 11
675, 19, 2
675, 17, 7
676, 4, 4
676, 15, 10
676, 3, 2
677, 2, 2
678, 18, 1
678, 12, 5
678, 10, 9
679, 1, 3
679, 6, 11
680, 3, 1
680, 16, 1
681, 5, 13
681, 15, 13
681, 8, 4
682, 14, 3
682, 10, 4
682, 11, 1
683, 16, 2
684, 12, 2
684, 11, 5
684, 2, 6
685, 14, 1
685, 9, 13
686, 14, 2
687, 5, 11
687, 6, 8
687, 15, 5
688, 2, 5
688, 5, 4
689, 4, 12
690, 8, 3
690, 18, 2
690, 20, 10
691, 20, 9
691, 9, 9
692, 19, 1
693, 13, 2
693, 2, 6
693, 15, 11
694, 12, 6
695, 12, 1
695, 18, 3
695, 16, 7
696, 8, 3
696, 6, 4
696, 3, 9
697, 8, 10
698, 7, 13
699, 5, 6
700, 5, 3
701, 2, 12
702, 2, 2
702, 8, 13
703, 2, 2
703, 14, 8
704, 16, 2
704, 6, 4
705, 15, 10
706, 3, 9
706, 19, 5
706, 11, 11
707, 1, 1
708, 1, 6
708, 12, 5
709, 17, 6
709, 11, 4
709, 2, 6
710, 19, 5
710, 10, 10
711, 3, 9
712, 19, 4
712, 5, 1
712, 18, 4
713, 3, 12
713, 12, 3
713, 1, 12
714, 12, 13
714, 1, 3
715, 9, 7
715, 2, 8
716, 20, 2
717, 3, 12
718, 2, 6
718, 16, 5
719, 5, 13
719, 11, 3
720, 15, 5
720, 6, 9
721, 12, 6
722, 20, 2
722, 12, 9
723, 6, 10
724, 2, 5
724, 20, 4
724, 17, 13
725, 1, 7
725, 3, 10
726, 15, 4
726, 20, 6
727, 9, 5
727, 19, 8
727, 18, 12
728, 14, 12
728, 8, 9
728, 16, 4
729, 18, 1
729, 20, 1
730, 1, 8
731, 15, 4
732, 16, 5
732, 8, 2
732, 4, 8
733, 9, 6
733, 11, 11
734, 10, 1
734, 9, 10
734, 14, 13
735, 4, 8
736, 7, 6
737, 8, 10
737, 18, 3
738, 1, 6
739, 4, 4
739, 13, 1
739, 6, 7
740, 2, 12
741, 6, 6
742, 2, 3
743, 9, 7
743, 17, 9
744, 18, 9
744, 9, 4
745, 19, 9
746, 12, 3
746, 11, 1
747, 3, 1
747, 1, 10
747, 18, 1
748, 3, 4
748, 10, 8
748, 16, 11
749, 8, 3
750, 2, 7
750, 18, 8
751, 19, 7
751, 15, 9
752, 3, 11
753, 3, 13
753, 13, 5
753, 18, 2
754, 11, 4
754, 5, 12
755, 16, 10
755, 17, 11
756, 13, 8
757, 19, 11
757, 11, 9
758, 16, 12
759, 8, 1
760, 14, 4
760, 7, 10
760, 19, 4
761, 19, 1
762, 12, 3
763, 19, 2
763, 9, 6
764, 18, 7
764, 4, 6
764, 10, 1
765, 8, 8
765, 20, 8
766, 17, 12
767, 20, 11
767, 18, 12
768, 14, 6
768, 15, 4
768, 10, 11
769, 18, 8
770, 17, 8
770, 4, 11
771, 19, 6
771, 16, 2
771, 20, 11
772, 3, 7
772, 14, 8
772, 13, 12
773, 2, 2
774, 2, 9
775, 16, 9
775, 2, 10
775, 17, 10
776, 14, 9
776, 10, 3
777, 10, 1
777, 14, 9
778, 14, 7
779, 16, 9
779, 7, 4
780, 18, 1
780, 2, 8
780, 9, 6
781, 7, 1
781, 20, 8
782, 5, 3
782, 14, 6
782, 4, 12
783, 20, 5
783, 6, 5
783, 13, 8
784, 6, 11
784, 10, 9
784, 16, 1
785, 17, 2
785, 2, 7
785, 3, 5
786, 17, 6
786, 10, 13
786, 18, 6
787, 5, 6
788, 7, 11
789, 7, 5
790, 19, 10
790, 12, 13
791, 4, 9
791, 8, 3
791, 14, 7
792, 11, 8
792, 15, 8
792, 1, 1
793, 18, 8
793, 17, 3
793, 14, 1
794, 7, 1
794, 11, 2
794, 12, 2
795, 17, 4
795, 15, 7
796, 4, 1
796, 5, 12
797, 10, 9
797, 13, 4
797, 19, 10
798, 16, 9
798, 2, 8
799, 13, 6
800, 11, 1
801, 20, 3
801, 11, 10
801, 8, 3
802, 12, 10
803, 11, 4
804, 17, 13
804, 2, 12
805, 7, 5
805, 1, 12
805, 13, 3
806, 5, 10
806, 1, 13
807, 8, 8
807, 4, 7
808, 7, 11
808, 8, 5
808, 20, 12
809, 15, 9
809, 20, 11
809, 3, 10
810, 5, 3
811, 15, 3
811, 11, 10
811, 6, 1
812, 20, 6
813, 9, 9
813, 13, 4
813, 6, 6
814, 20, 3
814, 18, 2
814, 17, 4
815, 13, 10
815, 4, 9
815, 3, 1
816, 11, 5
816, 15, 2
816, 13, 1
817, 15, 8
818, 6, 2
818, 15, 8
818, 19, 1
819, 14, 5
819, 12, 3
820, 13, 4
820, 3, 11
821, 19, 5
821, 9, 1
822, 2, 13
822, 12, 12
823, 8, 6
823, 10, 7
823, 13, 5
824, 18, 13
824, 16, 12
824, 8, 4
825, 7, 11
825, 9, 11
825, 16, 9
826, 9, 2
827, 18, 4
827, 14, 5
828, 3, 2
828, 1, 7
828, 15, 3
829, 16, 2
830, 5, 4
830, 13, 7
831, 7, 2
831, 14, 12
832, 16, 10
832, 3, 3
833, 20, 9
833, 19, 5
833, 7, 12
834, 14, 13
834, 1, 9
834, 16, 1
835, 8, 11
835, 3, 10
836, 6, 11
836, 4, 1
836, 18, 6
837, 15, 6
837, 3, 2
838, 15, 9
839, 2, 2
839, 4, 8
840, 7, 4
840, 15, 6
840, 9, 7
841, 4, 8
842, 2, 11
842, 16, 5
843, 19, 4
843, 1, 8
844, 19, 5
844, 1, 3
845, 19, 12
846, 10, 13
846, 11, 2
846, 12, 2
847, 18, 10
847, 7, 8
848, 20, 2
849, 5, 13
850, 20, 3
850, 15, 3
850, 17, 2
851, 2, 10
852, 2, 9
852, 17, 11
853, 2, 9
853, 12, 7
854, 6, 8
854, 9, 9
855, 11, 8
855, 16, 10
856, 6, 3
856, 19, 3
857, 6, 4
858, 11, 10
859, 6, 8
860, 18, 8
860, 11, 6
860, 9, 10
861, 17, 6
861, 2, 7
862, 14, 3
862, 5, 2
863, 20, 13
864, 17, 12
864, 14, 4
864, 7, 4
865, 13, 12
866, 20, 10
866, 11, 1
866, 19, 9
867, 10, 3
867, 18, 9
868, 13, 8
868, 20, 5
869, 5, 11
870, 7, 2
870, 9, 7
871, 7, 9
871, 2, 8
872, 2, 2
872, 13, 1
873, 5, 5
873, 19, 10
873, 6, 1
874, 1, 9
875, 20, 11
875, 12, 6
875, 17, 12
876, 4, 4
876, 19, 12
876, 3, 4
877, 11, 4
878, 20, 4
878, 5, 7
878, 3, 9
879, 1, 8
879, 15, 13
880, 5, 12
880, 19, 2
880, 15, 10
881, 17, 2
881, 7, 13
882, 6, 11
883, 18, 7
883, 14, 11
884, 19, 6
885, 7, 9
885, 6, 3
885, 19, 4
886, 13, 10
887, 6, 4
887, 20, 9
888, 8, 2
888, 1, 12
888, 13, 11
889, 9, 8
889, 12, 6
889, 1, 6
890, 10, 5
891, 10, 11
892, 8, 5
892, 10, 11
892, 13, 3
893, 8, 1
893, 12, 8
893, 13, 12
894, 1, 9
895, 12, 9
895, 8, 8
895, 20, 11
896, 1, 13
897, 18, 4
897, 13, 8
897, 1, 9
898, 19, 5
898, 18, 3
898, 4, 10
899, 15, 4
900, 1, 3
900, 19, 9
901, 5, 9
902, 17, 7
902, 11, 10
902, 18, 4
903, 19, 3
904, 15, 13
904, 18, 10
904, 10, 1
905, 10, 3
905, 8, 2
906, 2, 11
906, 13, 12
907, 2, 3
907, 5, 1
908, 19, 6
909, 9, 11
910, 7, 5
910, 15, 7
911, 4, 13
911, 5, 11
911, 19, 13
912, 20, 9
913, 2, 3
913, 7, 9
913, 8, 6
914, 1, 12
915, 1, 10
916, 15, 5
916, 4, 5
916, 17, 9
917, 1, 1
918, 13, 11
919, 9, 3
919, 15, 12
919, 14, 12
920, 8, 12
920, 16, 4
921, 13, 10
921, 16, 6
922, 18, 5
923, 4, 12
923, 3, 5
923, 11, 2
924, 18, 4
924, 4, 7
925, 17, 11
925, 6, 3
925, 1, 12
926, 18, 4
927, 5, 8
927, 1, 4
927, 11, 3
928, 13, 9
928, 20, 12
929, 10, 10
929, 16, 11
930, 11, 8
931, 3, 8
932, 4, 2
933, 8, 2
933, 6, 12
934, 20, 7
935, 15, 13
936, 18, 13
937, 6, 4
938, 20, 4
939, 4, 10
939, 10, 11
939, 7, 13
940, 1, 5
940, 7, 13
940, 8, 2
941, 9, 13
941, 2, 10
942, 9, 3
942, 1, 8
942, 18, 13
943, 2, 1
943, 16, 4
943, 15, 3
944, 4, 9
944, 7, 4
944, 3, 12
945, 6, 1
945, 7, 13
946, 2, 9
946, 20, 9
946, 7, 1
947, 13, 3
948, 9, 2
948, 2, 7
948, 8, 12
949, 1, 11
949, 16, 13
950, 11, 7
950, 1, 6
951, 12, 8
952, 4, 8
952, 7, 13
953, 16, 11
953, 2, 10
953, 17, 10
954, 8, 6
954, 6, 11
954, 1, 11
955, 12, 11
955, 16, 3
955, 9, 3
956, 19, 8
956, 8, 9
957, 16, 3
957, 12, 2
958, 11, 12
959, 11, 9
959, 18, 7
960, 14, 10
961, 15, 7
961, 12, 3
961, 2, 3
962, 3, 13
963, 17, 2
963, 7, 12
963, 15, 10
964, 17, 9
965, 8, 4
965, 5, 6
965, 9, 4
966, 12, 8
967, 15, 12
968, 19, 5
968, 7, 1
968, 15, 3
969, 1, 10
969, 10, 10
969, 16, 2
970, 19, 3
970, 5, 10
970, 9, 13
971, 6, 5
972, 6, 1
973, 19, 6
973, 4, 6
973, 17, 9
974, 7, 1
975, 4, 7
976, 9, 11
976, 14, 3
977, 7, 4
977, 2, 3
977, 9, 12
978, 12, 8
979, 3, 4
979, 15, 12
979, 2, 7
980, 1, 6
980, 19, 13
981, 11, 11
981, 3, 4
981, 15, 12
982, 16, 5
982, 4, 13
982, 6, 7
983, 7, 10
984, 14, 9
984, 17, 3
984, 7, 9
985, 6, 7
986, 13, 9
986, 20, 3
986, 16, 12
987, 4, 6
987, 3, 2
987, 17, 11
988, 2, 2
989, 19, 8
989, 13, 13
990, 18, 5
990, 17, 13
991, 11, 7
992, 6, 5
992, 9, 4
992, 2, 5
993, 6, 6
994, 8, 7
994, 4, 7
994, 13, 1
995, 7, 11
995, 11, 7
995, 15, 7
996, 3, 9
996, 15, 9
996, 13, 5
997, 20, 11
998, 15, 4
999, 11, 8
999, 1, 3
999, 10, 9
1000, 15, 3
1000, 5, 6
1000, 16, 5
1001, 8, 3
1002, 18, 5
1002, 8, 11
1003, 20, 7
1003, 14, 9
1004, 14, 2
1004, 7, 11
1005, 20, 6
1005, 16, 5
1005, 8, 11
1006, 1, 1
1006, 7, 4
1007, 16, 1
1008, 12, 1
1008, 17, 10
1009, 13, 11
1009, 15, 8
1010, 20, 2
1011, 8, 8
1011, 7, 6
1012, 9, 12
1013, 16, 6
1013, 10, 11
1014, 11, 3
1014, 9, 8
1015, 12, 7
1015, 3, 3
1015, 19, 10
1016, 13, 2
1016, 6, 5
1017, 7, 1
1018, 15, 13
1019, 1, 11
1020, 14, 9
1021, 6, 10
1021, 16, 8
1021, 17, 2
1022, 8, 4
1022, 13, 6
1023, 6, 3
1024, 2, 9
1024, 14, 12
1024, 15, 6
1025, 11, 3
1026, 11, 6
1026, 3, 9
1026, 5, 6
1027, 4, 4
1027, 9, 3
1027, 18, 8
1028, 2, 7
1028, 13, 11
1029, 17, 12
1029, 11, 9
1029, 7, 3
1030, 19, 5
1031, 2, 11
1032, 3, 7
1033, 20, 10
1033, 16, 12
1034, 7, 4
1035, 18, 4
1035, 6, 1
1036, 17, 8
1036, 19, 11
1037, 18, 9
1037, 2, 2
1038, 9, 2
1038, 13, 8
1039, 17, 12
1039, 7, 10
1040, 11, 1
1040, 18, 12
1040, 8, 8
1041, 20, 5
1041, 17, 2
1041, 11, 8
1042, 19, 1
1042, 20, 9
1043, 18, 8
1043, 1, 4
1043, 10, 13
1044, 4, 11
1045, 2, 6
1045, 11, 5
1045, 18, 2
1046, 4, 5
1046, 15, 7
1047, 16, 5
1047, 3, 11
1048, 12, 4
1048, 16, 6
1048, 4, 8
1049, 2, 8
1050, 14, 13
1050, 12, 5
1051, 2, 13
1052, 2, 9
1052, 10, 9
1052, 3, 8
1053, 14, 12
1053, 19, 11
1053, 4, 8
1054, 11, 11
1055, 10, 13
1055, 19, 3
1055, 2, 4
1056, 10, 2
1056, 13, 1
1056, 5, 3
1057, 7, 2
1057, 19, 9
1058, 17, 13
1059, 18, 2
1059, 5, 11
1059, 6, 5
1060, 20, 4
1061, 15, 13
1061, 9, 13
1062, 13, 13
1062, 16, 9
1062, 18, 12
1063, 6, 9
1064, 9, 10
1064, 11, 6
1064, 16, 9
1065, 9, 5
1065, 15, 4
1066, 10, 3
1067, 3, 3
1067, 18, 12
1067, 15, 7
1068, 18, 8
1068, 8, 1
1068, 7, 2
1069, 14, 8
1070, 9, 3
1070, 13, 12
1071, 17, 9
1071, 3, 10
1071, 14, 9
1072, 2, 1
1073, 15, 1
1073, 20, 2
1074, 12, 4
1074, 15, 5
1074, 4, 6
1075, 10, 8
1075, 15, 9
1075, 11, 2
1076, 12, 8
1076, 17, 10
1077, 6, 1
1077, 16, 13
1077, 12, 10
1078, 5, 8
1078, 14, 3
1079, 17, 4
1079, 18, 4
1080, 14, 6
1080, 10, 5
1080, 12, 13
1081, 19, 2
1081, 1, 1
1081, 14, 11
1082, 12, 3
1082, 2, 11
1083, 8, 6
1083, 4, 2
1083, 13, 11
1084, 2, 2
1084, 9, 6
1085, 1, 9
1085, 19, 6
1086, 2, 10
1086, 17, 2
1087, 8, 7
1087, 11, 12
1088, 20, 8
1088, 12, 5
1089, 5, 4
1089, 6, 2
1089, 4, 10
1090, 17, 1
1090, 7, 10
1091, 13, 8
1091, 2, 3
1092, 19, 11
1092, 1, 8
1093, 19, 8
1093, 17, 1
1093, 7, 13
1094, 7, 10
1094, 5, 2
1095, 17, 4
1095, 1, 12
1096, 20, 13
1097, 5, 1
1097, 3, 7
1098, 2, 10
1099, 8, 13
1100, 6, 7
1100, 14, 3
1100, 19, 12
1101, 19, 8
1101, 13, 9
1102, 5, 12
1102, 19, 11
1103, 7, 5
1103, 20, 4
1104, 1, 4
1104, 5, 13
1104, 9, 3
1105, 1, 9
1105, 13, 1
1106, 13, 4
1106, 6, 11
1107, 4, 13
1107, 1, 5
1108, 19, 11
1108, 11, 12
1108, 18, 4
1109, 1, 1
1109, 12, 13
1110, 6, 6
1110, 3, 4
1110, 17, 7
1111, 13, 12
1111, 10, 8
1111, 1, 8
1112, 11, 10
1112, 10, 4
1112, 2, 2
1113, 16, 1
1113, 8, 6
1113, 20, 13
1114, 11, 4
1115, 17, 13
1116, 9, 8
1116, 15, 12
1116, 4, 9
1117, 19, 1
1117, 18, 7
1117, 1, 3
1118, 3, 10
1118, 19, 4
1119, 15, 9
1120, 1, 5
1121, 9, 10
1122, 19, 12
1122, 7, 10
1122, 9, 7
1123, 19, 9
1124, 2, 1
1125, 14, 6
1125, 18, 2
1125, 12, 7
1126, 19, 3
1127, 13, 6
1127, 16, 13
1128, 19, 4
1129, 3, 12
1130, 8, 1
1131, 20, 11
1131, 15, 2
1132, 5, 2
1132, 14, 3
1132, 6, 4
1133, 11, 13
1133, 10, 3
1134, 18, 3
1134, 15, 11
1134, 4, 7
1135, 15, 1
1135, 3, 3
1135, 6, 11
1136, 16, 9
1136, 12, 7
1137, 17, 10
1137, 5, 13
1138, 3, 1
1138, 15, 6
1139, 18, 1
1139, 15, 6
1139, 8, 1
1140, 8, 6
1141, 15, 8
1141, 16, 3
1142, 11, 5
1142, 15, 6
1142, 18, 2
1143, 5, 9
1143, 14, 1
1143, 16, 8
1144, 8, 3
1144, 9, 12
1145, 15, 13
1146, 11, 8
1147, 18, 6
1148, 2, 4
1149, 17, 11
1149, 2, 8
1150, 5, 6
1150, 15, 5
1150, 7, 3
1151, 1, 12
1152, 11, 12
1152, 6, 11
1153, 4, 10
1154, 16, 8
1154, 19, 8
1154, 9, 10
1155, 12, 1
1156, 20, 9
1157, 19, 13
1157, 18, 9
1158, 3, 4
1158, 14, 13
1159, 2, 6
1159, 9, 12
1160, 12, 4
1160, 17, 12
1161, 14, 10
1161, 20, 6
1161, 7, 8
1162, 13, 12
1163, 7, 11
1163, 10, 13
1164, 5, 12
1165, 8, 1
1165, 9, 3
1166, 15, 2
1166, 20, 7
1167, 6, 13
1167, 3, 4
1167, 2, 8
1168, 5, 6
1168, 7, 7
1168, 20, 5
1169, 9, 13
1170, 18, 5
1170, 19, 3
1171, 12, 12
1171, 4, 2
1171, 19, 5
1172, 12, 10
1173, 7, 2
1174, 17, 12
1175, 18, 5
1175, 9, 1
1176, 15, 12
1176, 3, 4
1176, 20, 9
1177, 9, 8
1178, 9, 8
1179, 17, 1
1180, 20, 13
1180, 4, 7
1181, 15, 1
1181, 18, 6
1181, 6, 10
1182, 1, 6
1182, 12, 13
1182, 11, 4
1183, 16, 3
1183, 20, 8
1184, 17, 10
1185, 5, 13
1185, 10, 8
1185, 6, 5
1186, 18, 13
1186, 12, 8
1186, 9, 1
1187, 20, 4
1187, 4, 6
1188, 19, 5
1188, 17, 11
1188, 14, 1
1189, 10, 1
1190, 1, 11
1190, 20, 12
1190, 4, 5
1191, 9, 4
1192, 20, 6
1193, 6, 8
1193, 8, 10
1194, 3, 1
1194, 2, 13
1195, 11, 5
1195, 13, 12
1195, 4, 3
1196, 16, 12
1196, 8, 6
1196, 7, 11
1197, 4, 13
1198, 5, 2
1198, 20, 2
1198, 10, 2
1199, 15, 11
1199, 18, 12
1199, 19, 6
1200, 8, 13
1201, 8, 12
1201, 2, 3
1202, 20, 11
1202, 16, 2
1202, 6, 13
1203, 9, 3
1203, 20, 11
1204, 3, 5
1205, 16, 7
1206, 2, 13
1206, 14, 8
1207, 10, 3
1207, 17, 2
1208, 19, 4
1209, 18, 4
1210, 20, 11
1210, 4, 13
1211, 3, 2
1211, 6, 12
1212, 16, 6
1213, 19, 10
1213, 4, 6
1213, 12, 12
1214, 19, 7
1214, 10, 5
1214, 2, 5
1215, 16, 2
1216, 8, 5
1216, 16, 8
1217, 13, 7
1218, 13, 1
1218, 3, 6
1218, 8, 13
1219, 12, 10
1219, 2, 7
1220, 13, 10
1221, 11, 5
1222, 10, 9
1222, 18, 9
1222, 19, 13
1223, 17, 5
1223, 12, 11
1223, 15, 9
1224, 6, 1
1224, 17, 9
1224, 3, 6
1225, 15, 9
1225, 19, 10
1226, 4, 3
1226, 2, 12
1226, 3, 13
1227, 19, 1
1227, 1, 13
1227, 17, 4
1228, 4, 13
1229, 12, 11
1229, 2, 13
1229, 3, 13
1230, 8, 5
1230, 14, 12
1231, 2, 6
1232, 12, 2
1232, 3, 8
1232, 10, 4
1233, 3, 8
1234, 13, 4
1235, 20, 13
1236, 8, 9
1236, 13, 8
1237, 12, 11
1237, 5, 1
1237, 8, 5
1238, 3, 12
1239, 4, 2
1239, 8, 3
1240, 15, 12
1240, 11, 13
1240, 4, 13
1241, 16, 8
1241, 18, 10
1241, 3, 7
1242, 17, 2
1242, 19, 6
1243, 3, 10
1244, 18, 1
1244, 11, 4
1244, 19, 2
1245, 13, 1
1245, 19, 1
1245, 15, 6
1246, 1, 7
1246, 19, 6
1246, 6, 13
1247, 4, 12
1247, 11, 9
1248, 3, 6
1248, 4, 6
1249, 9, 1
1249, 11, 12
1250, 4, 8
1250, 1, 10
1251, 6, 7
1251, 17, 1
1251, 1, 8
1252, 3, 10
1253, 3, 13
1253, 17, 13
1254, 9, 13
1255, 6, 4
1255, 18, 12
1256, 9, 2
1256, 10, 8
1257, 6, 4
1258, 5, 1
1258, 6, 13
1259, 17, 9
1259, 4, 1
1260, 4, 3
1261, 20, 10
1261, 10, 11
1262, 2, 5
1262, 7, 1
1263, 16, 7
1263, 11, 9
1263, 18, 6
1264, 18, 6
1264, 16, 12
1264, 11, 1
1265, 2, 8
1265, 6, 2
1265, 20, 1
1266, 5, 5
1266, 19, 5
1266, 17, 7
1267, 18, 10
1267, 12, 10
1268, 13, 8
1268, 4, 8
1269, 15, 2
1269, 6, 4
1270, 9, 11
1270, 7, 3
1271, 3, 13
1272, 18, 2
1272, 2, 11
1273, 2, 8
1273, 8, 8
1273, 6, 8
1274, 13, 12
1274, 10, 11
1275, 14, 3
1276, 18, 5
1277, 12, 11
1277, 1, 9
1278, 16, 3
1278, 19, 10
1278, 14, 12
1279, 11, 12
1280, 16, 3
1280, 11, 5
1280, 18, 13
1281, 17, 4
1281, 4, 9
1281, 8, 10
1282, 12, 6
1283, 10, 13
1283, 2, 13
1284, 8, 8
1284, 4, 1
1284, 18, 11
1285, 19, 9
1285, 12, 7
1285, 4, 11
1286, 13, 8
1287, 20, 9
1287, 17, 5
1288, 8, 6
1288, 3, 10
1288, 12, 2
1289, 20, 9
1289, 9, 6
1289, 4, 1
1290, 12, 10
1290, 14, 5
1290, 8, 3
1291, 15, 8
1291, 1, 2
1291, 18, 9
1292, 5, 5
1292, 16, 6
1293, 14, 7
1293, 10, 10
1294, 2, 1
1295, 3, 4
1296, 17, 7
1297, 20, 9
1297, 5, 12
1298, 6, 4
1298, 10, 3
1299, 18, 3
1300, 6, 4
1301, 10, 11
1302, 7, 13
1302, 12, 12
1303, 7, 7
1303, 4, 10
1303, 5, 4
1304, 16, 11
1304, 4, 2
1304, 5, 7
1305, 12, 10
1306, 15, 2
1306, 3, 8
1306, 9, 2
1307, 12, 4
1308, 16, 6
1308, 18, 11
1308, 20, 2
1309, 17, 13
1309, 16, 6
1310, 15, 2
1310, 3, 10
1311, 20, 11
1311, 4, 11
1311, 14, 8
1312, 17, 3
1312, 12, 6
1313, 12, 12
1313, 13, 11
1314, 4, 13
1314, 14, 3
1315, 1, 8
1316, 18, 7
1316, 10, 3
1316, 5, 4
1317, 14, 9
1318, 13, 11
1319, 2, 13
1320, 14, 7
1321, 9, 3
1321, 10, 6
1321, 5, 11
1322, 2, 12
1322, 1, 6
1323, 13, 9
1323, 8, 5
1323, 3, 13
1324, 20, 2
1324, 15, 4
1324, 17, 5
1325, 12, 13
1325, 2, 2
1326, 9, 2
1326, 20, 4
1326, 15, 1
1327, 11, 6
1327, 4, 8
1328, 13, 12
1328, 9, 1
1328, 1, 10
1329, 9, 4
1330, 16, 5
1330, 17, 7
1330, 2, 3
1331, 1, 4
1332, 8, 6
1332, 2, 13
1332, 10, 9
1333, 14, 6
1334, 19, 13
1334, 5, 4
1335, 1, 10
1336, 6, 13
1337, 19, 1
1337, 6, 12
1337, 18, 13
1338, 6, 10
1339, 10, 6
1339, 16, 11
1340, 12, 11
1341, 4, 8
1342, 17, 13
1343, 2, 12
1344, 9, 2
1344, 14, 1
1345, 2, 10
1346, 5, 10
1346, 6, 11
1346, 19, 5
1347, 19, 12
1348, 18, 11
1348, 14, 11
1349, 16, 3
1350, 9, 10
1350, 14, 10
1350, 15, 8
1351, 1, 1
1351, 15, 1
1351, 10, 1
1352, 6, 1
1352, 8, 8
1353, 14, 8
1353, 10, 4
1353, 17, 9
1354, 11, 6
1355, 15, 11
1355, 18, 8
1355, 20, 10
1356, 15, 1
1357, 10, 1
1357, 12, 8
1357, 6, 8
1358, 18, 9
1359, 12, 5
1359, 14, 2
1359, 8, 2
1360, 18, 13
1360, 9, 10
1361, 16, 6
1361, 19, 11
1362, 14, 12
1362, 8, 4
1363, 13, 2
1363, 3, 2
1364, 7, 3
1365, 15, 7
1366, 13, 3
1367, 2, 3
1368, 10, 2
1368, 15, 13
1368, 5, 8
1369, 1, 8
1370, 8, 12
1370, 7, 10
1370, 9, 12
1371, 17, 1
1371, 7, 12
1372, 17, 8
1373, 20, 5
1374, 20, 10
1374, 12, 4
1375, 7, 5
1375, 8, 5
1376, 19, 5
1377, 8, 8
1378, 11, 2
1378, 18, 4
1379, 15, 5
1379, 17, 7
1380, 3, 13
1381, 12, 6
1381, 10, 11
1382, 18, 5
1382, 2, 10
1383, 6, 4
1383, 19, 7
1384, 20, 3
1384, 4, 12
1385, 8, 2
1386, 7, 9
1386, 10, 4
1387, 14, 8
1387, 7, 9
1387, 10, 3
1388, 11, 7
1388, 15, 10
1388, 5, 13
1389, 2, 3
1389, 19, 11
1389, 18, 13
1390, 8, 9
1390, 14, 11
1391, 3, 7
1391, 2, 13
1392, 8, 12
1393, 13, 9
1393, 17, 1
1394, 9, 5
1394, 12, 2
1395, 1, 2
1395, 4, 13
1396, 5, 3
1396, 13, 5
1397, 10, 3
1397, 15, 11
1398, 8, 13
1399, 10, 6
1399, 7, 1
1400, 7, 5
1401, 4, 1
1402, 10, 7
1403, 15, 3
1404, 1, 12
1405, 4, 8
1405, 17, 7
1405, 13, 2
1406, 18, 3
1407, 6, 12
1407, 9, 9
1408, 17, 13
1408, 20, 7
1408, 3, 5
1409, 3, 10
1410, 11, 4
1410, 7, 6
1411, 6, 10
1412, 14, 7
1412, 17, 7
1413, 11, 6
1414, 18, 10
1415, 11, 8
1415, 19, 5
1416, 18, 7
1416, 16, 10
1417, 6, 13
1418, 18, 3
1419, 3, 8
1419, 1, 6
1420, 16, 13
1420, 20, 7
1420, 15, 9
1421, 9, 3
1421, 1, 2
1422, 11, 5
1422, 2, 10
1422, 20, 10
1423, 8, 12
1424, 17, 12
1425, 15, 8
1425, 11, 2
1425, 10, 1
1426, 18, 10
1426, 17, 4
1426, 14, 2
1427, 14, 3
1427, 7, 5
1428, 14, 10
1429, 1, 4
1430, 3, 4
1431, 2, 8
1431, 3, 10
1431, 7, 6
1432, 15, 6
1432, 6, 13
1432, 10, 7
1433, 18, 9
1433, 6, 13
1433, 7, 2
1434, 18, 2
1434, 8, 10
1435, 4, 1
1435, 15, 12
1435, 1, 4
1436, 3, 7
1436, 4, 7
1437, 14, 4
1437, 6, 9
1437, 16, 10
1438, 11, 10
1438, 5, 9
1438, 8, 12
1439, 11, 3
1439, 10, 13
1439, 19, 4
1440, 14, 13
1441, 19, 10
1441, 12, 4
1441, 7, 5
1442, 5, 10
1442, 2, 6
1442, 13, 7
1443, 12, 11
1443, 8, 8
1444, 9, 13
1445, 20, 10
1446, 5, 3
1447, 8, 4
1447, 10, 8
1447, 11, 6
1448, 1, 13
1448, 7, 11
1449, 12, 3
1450, 14, 11
1450, 3, 11
1451, 2, 5
1451, 14, 4
1451, 4, 9
1452, 6, 2
1452, 7, 12
1453, 6, 2
1454, 1, 4
1455, 17, 7
1455, 9, 1
1456, 4, 7
1456, 8, 5
1457, 15, 13
1458, 9, 9
1458, 8, 9
1459, 19, 11
1460, 2, 6
1460, 3, 5
1460, 13, 6
1461, 3, 2
1461, 5, 4
1462, 12, 8
1462, 1, 5
1463, 20, 7
1463, 4, 10
1464, 19, 11
1464, 3, 5
1465, 16, 4
1465, 7, 2
1465, 10, 9
1466, 8, 3
1466, 15, 5
1466, 12, 5
1467, 9, 8
1467, 10, 8
1468, 10, 3
1468, 13, 2
1468, 14, 10
1469, 13, 7
1470, 3, 12
1470, 8, 9
1471, 9, 10
1471, 4, 10
1472, 9, 1
1472, 15, 7
1472, 12, 8
1473, 10, 5
1473, 17, 9
1473, 2, 13
1474, 9, 3
1475, 8, 8
1476, 10, 12
1476, 13, 9
1476, 2, 12
1477, 13, 3
1478, 5, 12
1479, 12, 10
1479, 11, 8
1479, 13, 10
1480, 1, 4
1480, 9, 10
1481, 14, 10
1481, 20, 3
1482, 1, 5
1482, 18, 7
1482, 11, 12
1483, 11, 1
1484, 12, 10
1484, 18, 4
1485, 19, 11
1486, 2, 3
1487, 1, 10
1487, 4, 6
1487, 7, 6
1488, 19, 4
1488, 17, 12
1488, 3, 8
1489, 12, 3
1489, 11, 13
1489, 16, 9
1490, 9, 8
1490, 12, 7
1491, 9, 10
1492, 10, 12
1492, 17, 7
1492, 7, 5
1493, 13, 6
1493, 5, 8
1494, 11, 8
1494, 3, 4
1494, 6, 11
1495, 6, 6
1496, 18, 9
1496, 3, 4
1497, 9, 13
1497, 13, 9
1497, 3, 6
1498, 6, 9
1499, 2, 7
1499, 15, 11
1500, 18, 4
1500, 14, 11
1500, 15, 5
1501, 2, 1
1501, 3, 7
1502, 4, 5
1502, 2, 2
1502, 10, 4
1503, 8, 5
1503, 4, 10
1504, 16, 2
1505, 13, 8
1506, 16, 7
1506, 2, 9
1506, 18, 3
1507, 2, 7
1507, 15, 11
1508, 8, 5
1508, 5, 13
1508, 4, 5
1509, 9, 12
1509, 3, 3
1509, 10, 2
1510, 11, 10
1511, 4, 5
1512, 3, 3
1512, 13, 3
1513, 6, 9
1513, 13, 8
1513, 16, 12
1514, 5, 9
1514, 16, 1
1514, 2, 13
1515, 9, 4
1516, 14, 8
1516, 10, 10
1516, 7, 4
1517, 14, 12
1517, 9, 13
1517, 3, 12
1518, 2, 5
1518, 11, 4
1519, 12, 3
1520, 11, 11
1521, 7, 4
1521, 10, 1
1522, 2, 3
1522, 16, 4
1523, 13, 7
1523, 17, 8
1524, 11, 12
1525, 4, 8
1525, 1, 6
1525, 7, 7
1526, 1, 8
1526, 17, 4
1527, 5, 7
1527, 12, 13
1527, 15, 2
1528, 12, 6
1529, 13, 12
1529, 11, 4
1530, 13, 13
1530, 17, 10
1531, 17, 3
1531, 3, 9
1531, 7, 4
1532, 3, 2
1532, 17, 7
1532, 16, 4
1533, 7, 4
1533, 15, 2
1533, 17, 6
1534, 11, 7
1534, 15, 1
1534, 18, 13
1535, 19, 8
1535, 16, 12
1535, 6, 7
1536, 12, 7
1536, 16, 10
1537, 11, 10
1537, 4, 4
1537, 7, 7
1538, 13, 1
1539, 2, 11
1539, 3, 2
1539, 4, 9
1540, 4, 1
1540, 13, 4
1540, 8, 11
1541, 18, 9
1542, 7, 5
1542, 6, 3
1542, 4, 3
1543, 1, 10
1543, 18, 9
1543, 12, 5
1544, 14, 11
1544, 7, 4
1545, 17, 11
1546, 11, 13
1546, 13, 7
1546, 9, 9
1547, 3, 7
1548, 9, 13
1548, 2, 6
1549, 1, 12
1550, 9, 7
1551, 14, 10
1552, 7, 8
1553, 9, 2
1553, 3, 2
1553, 4, 3
1554, 14, 13
1554, 5, 4
1554, 20, 8
1555, 18, 13
1555, 10, 11
1555, 4, 9
1556, 10, 9
1556, 4, 3
1557, 11, 9
1557, 15, 6
1558, 14, 10
1558, 15, 13
1559, 7, 2
1559, 8, 5
1560, 7, 11
1561, 6, 3
1562, 16, 2
1562, 10, 4
1563, 13, 5
1563, 3, 12
1563, 1, 10
1564, 9, 8
1564, 16, 6
1564, 14, 13
1565, 20, 10
1565, 18, 6
1566, 8, 9
1566, 11, 12
1567, 18, 1
1567, 16, 13
1567, 3, 2
1568, 5, 1
1569, 16, 3
1570, 14, 8
1570, 4, 3
1571, 14, 1
1571, 20, 4
1571, 11, 13
1572, 15, 1
1572, 1, 12
1572, 10, 12
1573, 8, 11
1573, 16, 9
1574, 5, 10
1574, 19, 2
1575, 20, 9
1576, 18, 5
1577, 7, 12
1577, 6, 11
1577, 5, 8
1578, 9, 11
1578, 2, 8
1579, 5, 9
1579, 10, 8
1579, 8, 3
1580, 17, 4
1580, 15, 9
1580, 6, 11
1581, 2, 7
1581, 7, 3
1581, 14, 5
1582, 19, 8
1582, 3, 9
1582, 2, 11
1583, 8, 5
1583, 6, 8
1584, 12, 13
1585, 18, 13
1585, 9, 5
1585, 5, 3
1586, 13, 1
1586, 20, 1
1586, 8, 9
1587, 18, 11
1587, 19, 1
1588, 6, 7
1589, 17, 8
1589, 12, 11
1590, 5, 12
1591, 3, 11
1591, 11, 5
1592, 16, 5
1592, 20, 4
1593, 2, 12
1593, 8, 3
1593, 16, 11
1594, 10, 11
1594, 6, 13
1595, 3, 2
1595, 17, 9
1595, 14, 1
1596, 10, 11
1596, 6, 11
1597, 8, 6
1597, 1, 2
1597, 15, 7
1598, 10, 10
1598, 1, 5
1598, 9, 6
1599, 3, 9
1599, 1, 4
1600, 20, 5
1600, 12, 10
1601, 14, 5
1601, 15, 9
1601, 7, 13
1602, 4, 7
1602, 16, 1
1603, 11, 10
1604, 2, 13
1604, 4, 3
1605, 13, 8
1605, 17, 1
1605, 16, 4
1606, 6, 12
1606, 16, 9
1606, 11, 12
1607, 20, 7
1607, 6, 11
1607, 8, 1
1608, 10, 6
1609, 11, 7
1610, 11, 2
1611, 19, 12
1611, 9, 11
1611, 18, 11
1612, 4, 3
1612, 12, 1
1613, 16, 12
1613, 20, 1
1614, 18, 3
1614, 5, 3
1615, 12, 12
1615, 7, 6
1615, 1, 11
1616, 2, 10
1616, 6, 5
1617, 16, 2
1617, 5, 7
1618, 20, 2
1618, 13, 5
1619, 7, 12
1619, 6, 3
1620, 5, 8
1620, 4, 1
1621, 15, 13
1622, 2, 1
1622, 19, 6
1623, 2, 9
1623, 6, 6
1624, 19, 1
1625, 2, 3
1626, 6, 6
1626, 19, 6
1626, 3, 9
1627, 7, 12
1627, 14, 9
1628, 19, 3
1629, 3, 1
1629, 18, 6
1630, 17, 9
1630, 10, 13
1630, 19, 7
1631, 5, 3
1631, 13, 7
1632, 5, 7
1632, 16, 4
1633, 2, 11
1633, 12, 6
1634, 2, 2
1635, 18, 9
1636, 10, 13
1636, 6, 3
1637, 2, 2
1637, 7, 4
1637, 11, 11
1638, 20, 2
1639, 20, 6
1640, 1, 13
1640, 2, 13
1640, 18, 13
1641, 19, 1
1641, 16, 3
1641, 3, 4
1642, 18, 12
1642, 4, 9
1643, 1, 7
1644, 15, 11
1644, 8, 6
1645, 19, 6
1645, 5, 5
1646, 11, 10
1646, 19, 9
1647, 7, 8
1647, 6, 8
1647, 2, 5
1648, 4, 2
1648, 11, 7
1648, 17, 8
1649, 15, 7
1649, 1, 5
1649, 2, 12
1650, 7, 8
1650, 5, 10
1650, 12, 10
1651, 10, 4
1651, 17, 11
1651, 13, 10
1652, 1, 2
1652, 19, 1
1652, 11, 1
1653, 4, 13
1654, 16, 5
1654, 19, 5
1655, 10, 2
1656, 19, 11
1656, 11, 13
1657, 15, 13
1657, 17, 6
1658, 6, 1
1658, 19, 8
1658, 1, 8
1659, 10, 2
1659, 18, 4
1660, 19, 12
1660, 17, 5
1661, 19, 9
1661, 16, 10
1661, 18, 1
1662, 20, 12
1662, 13, 1
1662, 9, 5
1663, 5, 9
1664, 18, 2
1664, 8, 3
1665, 8, 11
1666, 5, 11
1666, 9, 6
1666, 1, 10
1667, 20, 13
1668, 10, 13
1668, 14, 5
1668, 19, 1
1669, 11, 10
1669, 18, 1
1670, 12, 4
1671, 6, 11
1671, 2, 7
1672, 17, 5
1672, 11, 13
1673, 12, 8
1673, 15, 9
1673, 16, 1
1674, 3, 11
1674, 15, 4
1675, 8, 11
1676, 1, 1
1676, 17, 10
1677, 11, 12
1678, 3, 11
1679, 15, 1
1679, 10, 10
1679, 5, 8
1680, 19, 13
1680, 7, 1
1680, 6, 2
1681, 8, 8
1681, 6, 12
1681, 16, 10
1682, 20, 5
1682, 15, 8
1682, 1, 3
1683, 11, 8
1683, 5, 8
1684, 19, 7
1685, 12, 7
1685, 4, 10
1686, 14, 8
1686, 16, 4
1686, 2, 4
1687, 7, 10
1687, 3, 13
1687, 19, 11
1688, 17, 3
1688, 14, 4
1689, 10, 13
1689, 19, 12
1690, 20, 6
1691, 5, 12
1691, 17, 2
1692, 3, 1
1693, 2, 9
1693, 9, 11
1693, 10, 9
1694, 12, 12
1694, 16, 5
1695, 6, 8
1695, 15, 9
1696, 4, 1
1696, 12, 3
1696, 10, 12
1697, 15, 7
1697, 4, 11
1698, 12, 9
1699, 16, 12
1700, 1, 2
1700, 14, 13
1701, 17, 10
1702, 12, 13
1702, 5, 5
1703, 15, 9
1703, 19, 1
1703, 3, 5
1704, 7, 10
1704, 16, 5
1705, 9, 1
1705, 2, 9
1705, 15, 13
1706, 15, 3
1706, 2, 2
1706, 3, 6
1707, 20, 1
1707, 15, 2
1707, 17, 9
1708, 11, 1
1708, 15, 6
1708, 20, 3
1709, 20, 12
1709, 13, 11
1709, 9, 6
1710, 16, 12
1711, 6, 9
1712, 2, 5
1712, 5, 11
1712, 18, 5
1713, 11, 10
1714, 12, 9
1714, 19, 9
1715, 20, 4
1716, 5, 8
1716, 18, 5
1717, 12, 11
1717, 10, 10
1717, 9, 1
1718, 6, 8
1718, 10, 11
1719, 10, 3
1719, 14, 6
1720, 12, 3
1720, 15, 8
1720, 7, 7
1721, 7, 9
1721, 14, 3
1721, 11, 11
1722, 9, 1
1722, 4, 9
1723, 9, 5
1723, 2, 13
1724, 3, 4
1724, 17, 11
1725, 17, 12
1725, 6, 11
1726, 16, 6
1726, 20, 12
1726, 11, 1
1727, 19, 10
1727, 1, 12
1727, 15, 5
1728, 7, 6
1728, 9, 4
1728, 4, 10
1729, 9, 7
1729, 1, 10
1729, 2, 10
1730, 7, 11
1731, 4, 1
1731, 8, 6
1731, 7, 6
1732, 9, 7
1733, 13, 10
1734, 10, 7
1734, 11, 1
1735, 8, 1
1735, 11, 3
1735, 9, 7
1736, 4, 5
1736, 6, 8
1737, 13, 9
1737, 3, 12
1738, 13, 3
1738, 17, 6
1739, 19, 3
1739, 12, 8
1740, 17, 4
1740, 2, 13
1741, 4, 9
1742, 1, 11
1743, 2, 5
1744, 10, 7
1744, 16, 1
1744, 14, 6
1745, 1, 9
1746, 14, 10
1747, 15, 6
1747, 7, 7
1748, 8, 11
1749, 1, 8
1749, 17, 12
1749, 13, 10
1750, 12, 11
1750, 10, 7
1751, 13, 2
1752, 2, 12
1752, 13, 12
1752, 18, 6
1753, 19, 1
1753, 13, 10
1753, 20, 6
1754, 10, 9
1754, 6, 13
1754, 12, 6
1755, 12, 10
1755, 17, 1
1756, 14, 11
1756, 15, 1
1757, 13, 10
1757, 19, 9
1757, 12, 12
1758, 10, 9
1758, 11, 10
1759, 12, 5
1760, 15, 7
1761, 6, 6
1761, 18, 7
1761, 16, 13
1762, 5, 4
1762, 10, 12
1763, 17, 2
1764, 17, 9
1764, 16, 12
1765, 3, 12
1765, 8, 4
1766, 3, 13
1766, 12, 13
1767, 7, 6
1767, 18, 13
1768, 5, 9
1768, 10, 8
1768, 19, 10
1769, 4, 4
1769, 18, 3
1770, 1, 11
1770, 2, 8
1770, 13, 9
1771, 19, 13
1771, 20, 10
1772, 12, 11
1772, 7, 11
1773, 17, 1
1773, 14, 11
1774, 5, 7
1774, 12, 1
1774, 15, 13
1775, 16, 8
1775, 19, 8
1776, 3, 3
1776, 15, 6
1777, 6, 8
1777, 19, 8
1777, 13, 4
1778, 2, 1
1779, 1, 4
1780, 13, 6
1780, 2, 12
1780, 7, 6
1781, 8, 8
1781, 11, 12
1781, 6, 13
1782, 13, 13
1782, 4, 9
1783, 2, 10
1784, 12, 3
1784, 5, 1
1785, 9, 5
1785, 16, 11
1785, 19, 5
1786, 5, 8
1786, 13, 12
1786, 7, 5
1787, 3, 8
1788, 7, 7
1788, 18, 7
1788, 16, 6
1789, 10, 9
1790, 13, 9
1790, 17, 8
1790, 11, 11
1791, 5, 12
1791, 15, 4
1791, 20, 12
1792, 14, 1
1792, 2, 7
1793, 18, 13
1794, 7, 2
1795, 8, 11
1795, 13, 8
1795, 16, 4
1796, 10, 10
1796, 11, 4
1797, 8, 9
1798, 18, 6
1799, 8, 4
1800, 15, 3
1800, 8, 11
1800, 9, 12
1801, 15, 2
1801, 19, 3
1801, 12, 12
1802, 14, 11
1803, 3, 5
1804, 12, 5
1804, 17, 7
1805, 15, 4
1805, 8, 6
1806, 18, 10
1806, 7, 5
1807, 12, 5
1807, 3, 7
1808, 5, 10
1809, 15, 7
1810, 3, 6
1810, 2, 1
1810, 1, 12
1811, 14, 2
1811, 9, 1
1811, 12, 4
1812, 15, 13
1812, 7, 11
1812, 14, 9
1813, 5, 6
1813, 12, 9
1813, 9, 7
1814, 11, 8
1814, 12, 13
1815, 7, 11
1816, 3, 9
1816, 14, 10
1817, 5, 11
1817, 13, 5
1818, 9, 3
1818, 4, 6
1819, 20, 6
1819, 11, 6
1819, 19, 4
1820, 14, 1
1820, 13, 4
1820, 20, 2
1821, 19, 13
1821, 14, 7
1822, 19, 12
1822, 14, 5
1822, 8, 6
1823, 3, 2
1823, 19, 5
1823, 2, 9
1824, 8, 6
1825, 4, 13
1825, 6, 2
1825, 11, 9
1826, 9, 1
1826, 6, 3
1826, 14, 4
1827, 7, 2
1828, 9, 13
1828, 17, 9
1829, 3, 2
1830, 16, 11
1830, 14, 3
1831, 8, 12
1832, 19, 11
1833, 10, 9
1834, 6, 3
1834, 2, 5
1834, 17, 6
1835, 10, 13
1835, 12, 1
1835, 7, 12
1836, 8, 10
1837, 5, 12
1837, 16, 1
1838, 20, 8
1838, 10, 3
1839, 19, 2
1839, 7, 2
1840, 17, 3
1841, 14, 2
1841, 3, 4
1841, 5, 5
1842, 3, 5
1842, 12, 7
1842, 17, 3
1843, 20, 8
1843, 19, 11
1843, 3, 13
1844, 17, 3
1844, 19, 6
1845, 17, 11
1845, 10, 9
1845, 13, 4
1846, 12, 5
1847, 10, 2
1847, 13, 11
1847, 5, 8
1848, 5, 10
1849, 17, 3
1849, 4, 13
1850, 10, 3
1850, 6, 3
1850, 13, 13
1851, 7, 5
1851, 15, 6
1852, 14, 12
1853, 7, 3
1853, 13, 1
1853, 6, 9
1854, 15, 9
1854, 11, 10
1855, 5, 4
1855, 18, 5
1855, 20, 10
1856, 13, 10
1856, 2, 10
1856, 1, 6
1857, 2, 2
1858, 18, 10
1858, 10, 6
1859, 16, 10
1859, 2, 8
1859, 15, 5
1860, 3, 2
1860, 12, 4
1861, 3, 6
1861, 18, 2
1861, 13, 6
1862, 8, 13
1862, 4, 13
1863, 6, 9
1863, 18, 3
1863, 13, 11
1864, 13, 5
1864, 9, 12
1864, 5, 8
1865, 16, 11
1865, 8, 10
1866, 14, 10
1867, 2, 6
1867, 13, 7
1868, 13, 5
1868, 20, 11
1868, 7, 2
1869, 6, 12
1869, 3, 13
1870, 9, 5
1870, 3, 2
1871, 7, 5
1871, 8, 8
1871, 17, 9
1872, 10, 3
1872, 18, 4
1872, 7, 11
1873, 4, 6
1873, 20, 4
1873, 11, 2
1874, 15, 10
1874, 14, 3
1874, 6, 3
1875, 3, 6
1875, 9, 13
1876, 7, 10
1877, 18, 3
1877, 17, 7
1877, 3, 2
1878, 6, 6
1878, 14, 3
1878, 10, 13
1879, 8, 5
1879, 13, 12
1879, 11, 7
1880, 10, 12
1880, 13, 8
1880, 8, 2
1881, 12, 8
1882, 3, 12
1883, 13, 12
1884, 17, 1
1884, 1, 8
1885, 7, 3
1885, 14, 5
1885, 9, 8
1886, 3, 2
1887, 6, 1
1888, 7, 9
1888, 10, 1
1888, 19, 8
1889, 7, 5
1890, 6, 8
1890, 5, 5
1891, 10, 4
1892, 6, 12
1893, 3, 11
1894, 9, 2
1894, 6, 9
1894, 8, 2
1895, 15, 8
1896, 15, 8
1896, 19, 8
1896, 18, 5
1897, 19, 1
1898, 14, 5
1898, 20, 3
1899, 17, 12
1899, 3, 9
1900, 12, 2
1901, 2, 11
1901, 4, 4
1901, 7, 11
1902, 20, 10
1903, 4, 11
1904, 14, 10
1904, 16, 1
1905, 9, 2
1905, 5, 9
1905, 2, 5
1906, 15, 13
1906, 19, 7
1907, 16, 9
1907, 6, 3
1908, 12, 12
1909, 15, 2
1909, 19, 11
1910, 7, 12
1911, 10, 7
1911, 15, 6
1911, 4, 12
1912, 12, 7
1912, 13, 5
1913, 19, 7
1913, 11, 6
1914, 16, 5
1914, 6, 10
1915, 12, 11
1916, 20, 5
1916, 3, 8
1917, 18, 4
1918, 1, 10
1918, 3, 10
1919, 6, 7
1919, 12, 2
1919, 7, 8
1920, 8, 2
1920, 11, 3
1920, 13, 8
1921, 15, 6
1921, 19, 10
1922, 18, 9
1922, 10, 9
1923, 1, 1
1923, 3, 5
1923, 20, 4
1924, 11, 6
1924, 1, 7
1925, 11, 4
1925, 19, 9
1926, 17, 10
1926, 15, 2
1927, 11, 12
1928, 10, 12
1929, 3, 8
1929, 5, 10
1930, 6, 7
1930, 16, 11
1930, 13, 6
1931, 13, 11
1931, 11, 5
1931, 8, 7
1932, 19, 7
1933, 6, 1
1933, 19, 12
1933, 18, 10
1934, 6, 8
1934, 18, 3
1934, 11, 13
1935, 1, 7
1935, 8, 5
1935, 17, 9
1936, 6, 1
1937, 16, 5
1937, 9, 6
1937, 7, 10
1938, 7, 12
1938, 17, 4
1939, 13, 3
1939, 3, 4
1940, 18, 13
1940, 9, 13
1940, 1, 5
1941, 4, 10
1941, 8, 7
1942, 16, 3
1942, 18, 3
1942, 14, 8
1943, 9, 8
1943, 18, 12
1943, 12, 9
1944, 19, 7
1945, 14, 7
1945, 2, 10
1946, 14, 9
1946, 5, 1
1947, 11, 10
1947, 6, 7
1947, 1, 5
1948, 10, 3
1948, 6, 8
1948, 14, 1
1949, 3, 5
1949, 17, 6
1949, 1, 7
1950, 6, 9
1950, 12, 2
1950, 9, 10
1951, 11, 10
1952, 6, 3
1952, 3, 7
1953, 5, 6
1953, 10, 1
1953, 13, 2
1954, 14, 10
1954, 9, 10
1954, 7, 2
1955, 16, 13
1955, 4, 5
1956, 3, 2
1956, 8, 12
1957, 14, 11
1957, 3, 3
1957, 17, 4
1958, 8, 6
1958, 16, 11
1959, 1, 13
1960, 5, 5
1960, 2, 4
1961, 5, 13
1962, 9, 5
1962, 8, 12
1962, 16, 2
1963, 4, 11
1964, 18, 8
1964, 16, 12
1965, 3, 9
1965, 15, 10
1965, 16, 10
1966, 5, 7
1966, 13, 7
1966, 14, 11
1967, 10, 6
1967, 16, 13
1968, 12, 4
1969, 17, 3
1970, 2, 5
1971, 4, 11
1971, 17, 3
1971, 7, 5
1972, 1, 9
1972, 9, 12
1972, 6, 8
1973, 1, 13
1973, 19, 10
1973, 15, 9
1974, 19, 6
1975, 4, 10
1975, 14, 9
1975, 3, 13
1976, 7, 10
1976, 8, 6
1976, 17, 1
1977, 1, 4
1978, 20, 1
1978, 13, 12
1978, 2, 5
1979, 15, 7
1979, 19, 2
1979, 8, 9
1980, 2, 5
1980, 13, 1
1981, 3, 3
1982, 14, 11
1982, 6, 10
1982, 17, 5
1983, 7, 13
1983, 3, 6
1984, 9, 3
1985, 19, 3
1986, 11, 13
1986, 12, 6
1987, 3, 9
1987, 18, 2
1988, 20, 6
1989, 14, 8
1990, 17, 11
1990, 19, 3
1991, 19, 11
1991, 5, 6
1991, 1, 7
1992, 4, 7
1992, 13, 12
1992, 11, 13
1993, 15, 13
1993, 8, 9
1994, 5, 10
1995, 6, 7
1996, 8, 12
1996, 4, 13
1997, 5, 1
1997, 6, 12
1997, 12, 9
1998, 20, 9
1998, 19, 10
1999, 2, 8
1999, 19, 6
2000, 6, 4
2001, 18, 6
2002, 20, 12
2003, 18, 3
2003, 7, 7
2003, 16, 2
2004, 18, 5
2004, 10, 3
2004, 2, 7
2005, 5, 4
2006, 4, 5
2006, 13, 6
2007, 10, 3
2007, 9, 2
2008, 16, 5
2008, 2, 9
2008, 5, 2
2009, 16, 4
2009, 8, 3
2009, 15, 12
2010, 8, 6
2010, 14, 3
2011, 13, 10
2011, 16, 10
2011, 5, 12
2012, 12, 8
2013, 9, 1
2014, 10, 1
2014, 6, 1
2014, 3, 12
2015, 15, 10
2016, 20, 9
2017, 18, 7
2017, 8, 10
2017, 19, 13
2018, 2, 5
2018, 6, 7
2018, 13, 3
2019, 5, 8
2019, 12, 10
2020, 8, 2
2021, 5, 12
2021, 3, 3
2022, 19, 9
2022, 4, 4
2023, 1, 2
2023, 12, 13
2023, 9, 5
2024, 8, 11
2024, 3, 2
2024, 12, 7
2025, 18, 7
2025, 20, 4
2026, 11, 12
2026, 10, 11
2026, 18, 5
2027, 5, 1
2027, 4, 12
2028, 17, 7
2028, 9, 8
2028, 12, 1
2029, 16, 4
2029, 5, 3
2030, 17, 10
2030, 4, 4
2030, 18, 9
2031, 12, 10
2031, 18, 9
2032, 13, 1
2032, 16, 1
2033, 19, 10
2034, 1, 9
2034, 18, 1
2035, 16, 9
2035, 15, 13
2035, 9, 7
2036, 17, 1
2036, 2, 12
2037, 4, 8
2037, 15, 5
2038, 9, 7
2038, 12, 3
2039, 9, 4
2039, 7, 11
2040, 12, 2
2041, 3, 1
2041, 15, 7
2042, 7, 3
2042, 9, 9
2043, 5, 12
2043, 11, 6
2044, 18, 2
2044, 1, 11
2044, 15, 4
2045, 13, 5
2046, 6, 5
2047, 6, 4
2047, 17, 9
2048, 7, 1
2048, 6, 1
2049, 3, 1
2049, 17, 8
2049, 2, 12
2050, 3, 4
2050, 18, 8
2050, 14, 10
2051, 5, 5
2051, 16, 7
2051, 9, 8
2052, 14, 9
2053, 10, 1
2053, 15, 3
2054, 16, 1
2055, 13, 4
2055, 10, 11
2055, 17, 13
2056, 12, 3
2056, 20, 13
2056, 3, 8
2057, 12, 9
2058, 17, 8
2059, 7, 3
2059, 4, 9
2059, 5, 11
2060, 19, 4
2060, 20, 4
2060, 2, 9
2061, 7, 3
2061, 13, 8
2062, 6, 12
2062, 11, 1
2062, 14, 5
2063, 15, 10
2063, 20, 4
2064, 16, 13
2064, 6, 6
2065, 9, 4
2066, 3, 12
2067, 13, 9
2068, 10, 11
2068, 19, 5
2068, 17, 5
2069, 17, 1
2069, 13, 11
2070, 4, 10
2070, 3, 13
2070, 2, 1
2071, 13, 1
2071, 2, 4
2071, 8, 10
2072, 16, 12
2073, 1, 8
2073, 11, 4
2073, 19, 7
2074, 18, 2
2074, 20, 6
2074, 12, 9
2075, 12, 1
2075, 14, 8
2075, 19, 1
2076, 15, 7
2077, 11, 8
2077, 5, 2
2077, 16, 8
2078, 2, 2
2079, 11, 6
2079, 13, 10
2080, 5, 8
2080, 7, 10
2081, 4, 11
2081, 13, 10
2082, 4, 13
2083, 3, 1
2083, 12, 11
2084, 4, 2
2085, 9, 9
2085, 13, 7
2086, 12, 11
2086, 16, 12
2087, 15, 13
2087, 20, 11
2087, 13, 1
2088, 20, 9
2088, 6, 7
2088, 5, 1
2089, 6, 12
2089, 2, 5
2090, 14, 6
2090, 6, 6
2090, 1, 4
2091, 16, 5
2091, 13, 12
2091, 19, 5
2092, 5, 6
2092, 11, 1
2093, 15, 1
2094, 13, 13
2095, 14, 3
2095, 11, 8
2095, 15, 6
2096, 7, 10
2096, 17, 3
2097, 13, 12
2097, 6, 6
2098, 11, 10
2098, 17, 2
2099, 18, 3
2099, 2, 2
2100, 17, 12
2101, 11, 2
2101, 17, 8
2101, 10, 4
2102, 11, 9
2102, 2, 12
2103, 10, 1
2103, 12, 9
2104, 16, 4
2104, 9, 13
2104, 5, 6
2105, 11, 9
2105, 13, 6
2105, 9, 2
2106, 3, 5
2106, 17, 10
2106, 7, 10
2107, 18, 4
2108, 5, 13
2108, 7, 12
2108, 9, 6
2109, 20, 12
2110, 6, 12
2110, 9, 11
2111, 19, 11
2112, 12, 1
2113, 14, 7
2113, 15, 9
2113, 7, 10
2114, 17, 12
2114, 15, 8
2115, 3, 11
2115, 7, 13
2116, 8, 13
2117, 12, 4
2117, 9, 10
2118, 15, 6
2118, 11, 4
2118, 16, 9
2119, 3, 9
2119, 10, 6
2119, 8, 8
2120, 11, 13
2120, 4, 2
2120, 17, 7
2121, 17, 3
2121, 4, 12
2122, 15, 2
2123, 7, 7
2124, 14, 5
2124, 17, 10
2125, 3, 11
2125, 13, 6
2126, 19, 11
2126, 20, 5
2126, 14, 1
2127, 2, 12
2128, 5, 11
2129, 3, 10
2129, 17, 6
2129, 4, 2
2130, 1, 12
2130, 18, 10
2131, 19, 5
2131, 8, 9
2132, 18, 11
2132, 5, 8
2133, 11, 10
2134, 10, 13
2134, 9, 2
2135, 7, 8
2135, 9, 6
2135, 4, 2
2136, 11, 6
2137, 1, 8
2138, 14, 4
2138, 8, 7
2139, 2, 12
2139, 14, 10
2139, 19, 2
2140, 18, 2
2140, 6, 5
2141, 8, 6
2142, 3, 4
2142, 18, 12
2143, 13, 6
2143, 12, 8
2143, 9, 13
2144, 11, 9
2144, 19, 4
2144, 20, 1
2145, 5, 11
2145, 16, 12
2145, 18, 13
2146, 15, 9
2147, 6, 2
2147, 12, 2
2147, 16, 1
2148, 15, 13
2148, 17, 6
2149, 12, 10
2149, 4, 1
2149, 11, 3
2150, 5, 13
2150, 14, 12
2150, 12, 5
2151, 8, 13
2152, 14, 3
2152, 13, 13
2152, 18, 3
2153, 6, 2
2153, 4, 2
2154, 2, 6
2155, 5, 7
2155, 10, 13
2156, 19, 9
2156, 2, 1
2157, 19, 1
2158, 8, 10
2159, 17, 8
2159, 7, 4
2160, 13, 11
2160, 4, 9
2161, 8, 9
2161, 11, 7
2161, 15, 1
2162, 13, 12
2162, 1, 5
2162, 11, 8
2163, 5, 3
2164, 15, 5
2164, 20, 12
2164, 2, 7
2165, 19, 4
2166, 13, 1
2167, 3, 8
2167, 8, 12
2167, 16, 6
2168, 3, 12
2168, 12, 13
2168, 4, 2
2169, 16, 3
2170, 17, 9
2170, 11, 1
2171, 9, 13
2171, 10, 8
2171, 6, 10
2172, 4, 9
2173, 4, 5
2173, 19, 9
2173, 12, 8
2174, 2, 6
2174, 16, 8
2175, 3, 2
2175, 10, 3
2176, 9, 5
2176, 19, 12
2177, 12, 5
2177, 15, 10
2178, 8, 10
2178, 13, 13
2179, 7, 10
2180, 14, 5
2181, 19, 6
2181, 16, 7
2181, 7, 11
2182, 13, 9
2182, 9, 10
2182, 20, 1
2183, 11, 11
2183, 8, 12
2183, 4, 9
2184, 14, 10
2185, 7, 4
2185, 3, 12
2186, 6, 3
2187, 19, 5
2187, 20, 4
2187, 10, 7
2188, 5, 6
2188, 6, 2
2188, 16, 3
2189, 7, 13
2190, 6, 10
2190, 18, 8
2191, 4, 3
2192, 6, 2
2192, 16, 12
2192, 10, 10
2193, 9, 3
2194, 9, 2
2195, 9, 2
2196, 6, 8
2196, 20, 8
2197, 1, 13
2198, 9, 1
2198, 15, 4
2199, 15, 4
2199, 5, 10
2200, 14, 11
2201, 17, 8
2202, 17, 9
2203, 9, 1
2203, 5, 5
2204, 13, 3
2204, 15, 11
2204, 8, 3
2205, 3, 8
2205, 10, 4
2205, 13, 12
2206, 16, 4
2207, 18, 12
2207, 14, 1
2208, 4, 4
2208, 5, 5
2209, 15, 12
2209, 7, 3
2210, 15, 11
2211, 1, 10
2211, 11, 3
2212, 16, 4
2212, 2, 8
2213, 1, 5
2213, 19, 7
2214, 5, 7
2214, 3, 9
2215, 19, 8
2215, 17, 8
2215, 7, 3
2216, 18, 4
2216, 15, 3
2216, 17, 9
2217, 2, 8
2217, 8, 6
2217, 1, 7
2218, 17, 12
2219, 15, 4
2219, 6, 3
2220, 3, 8
2221, 4, 11
2221, 8, 10
2222, 15, 2
2222, 7, 6
2222, 19, 3
2223, 18, 1
2223, 1, 3
2223, 4, 1
2224, 13, 4
2225, 9, 3
2225, 14, 6
2225, 2, 4
2226, 14, 12
2227, 8, 12
2227, 7, 9
2228, 15, 9
2228, 19, 4
2229, 15, 10
2230, 1, 2
2230, 17, 3
2231, 2, 1
2231, 17, 13
2232, 12, 12
2232, 11, 2
2232, 15, 2
2233, 4, 2
2234, 10, 6
2235, 6, 1
2235, 8, 9
2236, 17, 9
2236, 12, 7
2237, 14, 13
2237, 11, 1
2237, 17, 7
2238, 12, 12
2239, 15, 13
2239, 16, 12
2240, 9, 1
2240, 16, 9
2241, 8, 9
2241, 16, 11
2241, 9, 9
2242, 6, 4
2242, 11, 4
2242, 15, 5
2243, 20, 2
2243, 18, 4
2243, 10, 8
2244, 5, 3
2245, 5, 7
2246, 10, 6
2246, 4, 8
2247, 9, 2
2248, 7, 11
2248, 8, 10
2249, 2, 3
2250, 9, 5
2250, 8, 4
2250, 16, 4
2251, 8, 9
2252, 19, 5
2253, 14, 5
2253, 19, 8
2254, 18, 6
2254, 4, 9
2254, 16, 10
2255, 16, 10
2256, 5, 5
2256, 15, 2
2257, 2, 9
2258, 4, 5
2258, 13, 12
2259, 4, 2
2259, 19, 2
2259, 16, 10
2260, 18, 1
2260, 8, 4
2261, 10, 11
2261, 5, 13
2261, 20, 6
2262, 11, 11
2262, 19, 3
2262, 9, 3
2263, 9, 4
2264, 9, 11
2264, 8, 9
2264, 18, 3
2265, 8, 9
2265, 11, 7
2266, 5, 2
2266, 11, 4
2266, 7, 6
2267, 13, 1
2268, 2, 7
2268, 11, 6
2268, 5, 10
2269, 15, 6
2269, 13, 7
2269, 10, 3
2270, 16, 11
2270, 7, 6
2270, 19, 13
2271, 19, 12
2272, 12, 5
2272, 7, 9
2273, 9, 4
2274, 10, 2
2275, 11, 13
2275, 5, 1
2275, 20, 2
2276, 4, 13
2276, 15, 1
2276, 7, 9
2277, 1, 11
2278, 2, 12
2278, 6, 12
2279, 7, 13
2279, 17, 9
2280, 13, 12
2281, 11, 4
2282, 12, 4
2282, 10, 2
2282, 19, 7
2283, 5, 6
2284, 10, 3
2284, 3, 8
2284, 14, 9
2285, 9, 10
2285, 15, 4
2286, 1, 6
2286, 11, 11
2287, 20, 4
2287, 11, 10
2287, 15, 9
2288, 8, 7
2288, 7, 11
2289, 19, 6
2290, 16, 9
2290, 13, 1
2290, 5, 12
2291, 14, 9
2291, 1, 2
2291, 20, 7
2292, 11, 4
2292, 18, 4
2293, 9, 4
2294, 2, 10
2294, 17, 4
2294, 16, 12
2295, 13, 3
2295, 1, 10
2296, 18, 1
2296, 20, 8
2296, 6, 11
2297, 1, 7
2297, 17, 1
2298, 17, 9
2299, 15, 7
2299, 20, 9
2299, 12, 2
2300, 10, 13
2301, 14, 1
2302, 20, 3
2303, 9, 11
2303, 12, 4
2303, 7, 8
2304, 19, 2
2304, 10, 3
2304, 2, 6
2305, 18, 11
2306, 15, 7
2306, 2, 3
2307, 18, 4
2307, 1, 11
2308, 5, 5
2308, 15, 5
2308, 18, 6
2309, 16, 2
2310, 16, 6
2311, 4, 11
2311, 15, 5
2311, 14, 5
2312, 13, 9
2312, 5, 7
2312, 9, 3
2313, 6, 13
2313, 5, 2
2313, 8, 6
2314, 1, 4
2315, 6, 2
2316, 12, 11
2317, 14, 4
2317, 18, 12
2317, 3, 5
2318, 19, 6
2319, 6, 12
2319, 2, 11
2319, 20, 9
2320, 17, 7
2320, 12, 3
2320, 1, 5
2321, 11, 7
2321, 3, 9
2322, 18, 2
2323, 8, 3
2323, 19, 11
2323, 7, 11
2324, 7, 2
2325, 6, 7
2326, 14, 10
2326, 12, 7
2326, 16, 5
2327, 19, 8
2327, 10, 3
2327, 12, 10
2328, 13, 8
2328, 9, 2
2329, 9, 5
2330, 8, 2
2330, 1, 5
2330, 9, 13
2331, 17, 13
2331, 13, 3
2331, 20, 10
2332, 4, 8
2332, 1, 7
2333, 3, 6
2333, 18, 13
2333, 13, 1
2334, 1, 1
2334, 18, 3
2334, 4, 2
2335, 17, 7
2335, 11, 13
2336, 2, 5
2336, 13, 7
2336, 6, 8
2337, 2, 6
2337, 9, 7
2338, 15, 11
2339, 13, 11
2339, 9, 7
2339, 11, 1
2340, 13, 3
2340, 18, 2
2341, 7, 7
2342, 15, 8
2342, 6, 6
2342, 13, 5
2343, 3, 13
2344, 7, 10
2345, 7, 13
2345, 14, 13
2346, 10, 10
2346, 1, 7
2347, 20, 6
2348, 17, 7
2349, 10, 3
2349, 2, 9
2350, 18, 7
2350, 11, 13
2351, 1, 4
2351, 6, 6
2352, 8, 5
2352, 18, 13
2352, 7, 2
2353, 4, 1
2354, 6, 5
2355, 5, 4
2355, 7, 2
2355, 15, 7
2356, 5, 6
2356, 15, 13
2357, 4, 10
2357, 18, 6
2357, 20, 11
2358, 14, 8
2358, 11, 9
2359, 3, 2
2359, 13, 12
2360, 9, 7
2360, 17, 3
2361, 13, 3
2361, 9, 12
2361, 8, 10
2362, 16, 3
2362, 3, 6
2362, 8, 12
2363, 19, 11
2364, 4, 1
2364, 15, 1
2365, 10, 3
2365, 14, 6
2366, 16, 12
2367, 2, 7
2368, 8, 5
2368, 4, 2
2369, 7, 2
2369, 8, 7
2369, 10, 1
2370, 7, 13
2370, 3, 7
2370, 15, 6
2371, 17, 6
2371, 19, 2
2372, 20, 3
2373, 10, 5
2374, 8, 4
2374, 11, 11
2374, 15, 5
2375, 1, 9
2375, 3, 11
2376, 9, 3
2377, 9, 3
2378, 11, 6
2379, 4, 4
2379, 18, 8
2380, 14, 1
2380, 9, 4
2381, 1, 11
2382, 5, 8
2382, 4, 9
2382, 19, 7
2383, 20, 8
2384, 15, 10
2384, 7, 10
2385, 10, 1
2386, 17, 1
2386, 9, 1
2386, 3, 6
2387, 10, 12
2387, 8, 12
2388, 6, 10
2388, 7, 8
2389, 2, 2
2390, 10, 9
2390, 4, 10
2390, 5, 11
2391, 15, 1
2392, 2, 1
2392, 7, 6
2393, 10, 9
2394, 19, 11
2394, 12, 5
2395, 19, 13
2395, 5, 7
2396, 14, 2
2396, 16, 8
2396, 6, 1
2397, 3, 11
2397, 6, 1
2398, 16, 11
2398, 17, 2
2399, 10, 6
2399, 12, 6
2399, 9, 4
2400, 15, 13
2400, 8, 9
2400, 5, 5
2401, 2, 1
2402, 5, 6
2403, 8, 3
2404, 4, 10
2404, 17, 4
2405, 13, 6
2406, 10, 2
2406, 3, 11
2407, 15, 12
2408, 3, 3
2408, 6, 12
2409, 15, 5
2409, 17, 7
2409, 13, 10
2410, 10, 5
2411, 12, 13
2411, 19, 3
2411, 3, 8
2412, 5, 4
2412, 9, 12
2412, 20, 7
2413, 4, 9
2414, 16, 13
2415, 7, 9
2415, 15, 10
2416, 18, 7
2416, 11, 10
2416, 14, 6
2417, 8, 3
2417, 16, 6
2417, 5, 1
2418, 13, 7
2418, 18, 9
2418, 17, 12
2419, 15, 8
2419, 14, 5
2420, 4, 12
2420, 3, 12
2421, 9, 9
2421, 14, 4
2422, 12, 3
2422, 19, 5
2422, 9, 4
2423, 6, 13
2423, 20, 3
2424, 3, 13
2425, 8, 7
2425, 9, 7
2425, 13, 13
2426, 12, 8
2427, 6, 12
2428, 19, 10
2428, 12, 2
2429, 5, 13
2430, 15, 3
2430, 17, 10
2431, 7, 4
2431, 1, 4
2432, 9, 9
2432, 17, 6
2432, 3, 5
2433, 16, 11
2434, 6, 3
2434, 7, 12
2435, 3, 2
2436, 15, 6
2436, 20, 11
2436, 2, 9
2437, 11, 3
2438, 5, 6
2438, 4, 7
2439, 10, 12
2439, 12, 2
2439, 4, 10
2440, 11, 9
2441, 8, 9
2442, 20, 3
2443, 12, 8
2443, 16, 2
2444, 8, 1
2445, 5, 9
2445, 20, 4
2446, 11, 1
2446, 20, 5
2446, 10, 7
2447, 16, 7
2448, 20, 9
2448, 17, 11
2449, 11, 4
2449, 18, 9
2449, 14, 4
2450, 7, 9
2450, 13, 5
2451, 13, 11
2452, 2, 2
2452, 12, 9
2452, 14, 2
2453, 3, 1
2453, 7, 6
2453, 17, 1
2454, 14, 2
2455, 9, 12
2456, 10, 2
2456, 14, 4
2457, 17, 3
2457, 19, 6
2457, 5, 6
2458, 19, 2
2458, 10, 6
2459, 20, 4
2460, 6, 13
2460, 17, 4
2460, 14, 13
2461, 11, 7
2462, 3, 5
2462, 18, 3
2462, 13, 5
2463, 20, 11
2463, 7, 13
2464, 9, 12
2464, 14, 5
2465, 12, 7
2466, 11, 3
2466, 19, 1
2467, 4, 3
2467, 8, 13
2467, 19, 12
2468, 6, 6
2469, 10, 1
2470, 6, 7
2471, 19, 10
2471, 17, 3
2471, 8, 1
2472, 5, 11
2472, 16, 8
2472, 19, 6
2473, 6, 8
2474, 19, 11
2475, 18, 2
2475, 17, 5
2475, 2, 1
2476, 10, 9
2477, 10, 3
2477, 7, 12
2477, 19, 4
2478, 2, 5
2478, 14, 8
2479, 17, 12
2480, 3, 9
2481, 14, 9
2482, 16, 11
2483, 16, 4
2483, 2, 4
2484, 18, 2
2485, 8, 11
2485, 1, 8
2485, 19, 10
2486, 5, 4
2486, 6, 13
2486, 2, 7
2487, 16, 9
2488, 6, 9
2488, 12, 6
2488, 2, 4
2489, 7, 8
2490, 20, 8
2491, 11, 12
2492, 15, 11
2492, 4, 12
2493, 19, 12
2493, 7, 7
2494, 11, 10
2495, 19, 11
2496, 17, 9
2496, 9, 10
2497, 19, 6
2497, 16, 4
2497, 7, 8
2498, 2, 1
2498, 3, 7
2498, 18, 12
2499, 12, 4
2499, 6, 5
2499, 5, 5
2500, 8, 4
2500, 18, 5
2500, 12, 1
2501, 15, 7
2501, 1, 7
2501, 18, 10
2502, 18, 10
2503, 9, 9
2504, 2, 1
2504, 1, 6
2505, 20, 6
2505, 10, 3
2506, 11, 2
2506, 20, 8
2506, 14, 2
2507, 20, 12
2507, 18, 10
2507, 16, 5
2508, 20, 5
2508, 12, 6
2508, 15, 11
2509, 17, 11
2509, 2, 6
2509, 14, 4
2510, 17, 7
2511, 6, 10
2511, 13, 11
2512, 1, 11
2512, 8, 6
2512, 7, 13
2513, 20, 2
2513, 17, 10
2513, 2, 7
2514, 14, 7
2515, 4, 9
2516, 18, 6
2516, 9, 1
2516, 3, 4
2517, 12, 12
2517, 19, 10
2518, 10, 7
2518, 4, 4
2518, 7, 6
2519, 4, 1
2519, 18, 5
2520, 15, 7
2520, 8, 13
2521, 19, 3
2522, 8, 7
2522, 14, 1
2523, 10, 6
2523, 19, 13
2524, 7, 11
2525, 9, 8
2525, 8, 8
2525, 4, 8
2526, 16, 11
2526, 14, 7
2527, 10, 7
2528, 5, 3
2528, 16, 1
2528, 11, 3
2529, 20, 8
2530, 20, 12
2530, 18, 12
2530, 14, 5
2531, 18, 12
2532, 20, 7
2532, 11, 11
2532, 5, 7
2533, 17, 6
2533, 6, 3
2533, 12, 9
2534, 5, 9
2535, 1, 9
2535, 7, 7
2536, 7, 2
2537, 9, 7
2538, 19, 3
2538, 12, 1
2539, 10, 7
2539, 16, 10
2540, 4, 3
2540, 7, 5
2541, 2, 1
2541, 5, 6
2541, 11, 9
2542, 13, 9
2542, 17, 1
2542, 20, 10
2543, 9, 12
2544, 18, 10
2544, 11, 9
2544, 8, 10
2545, 8, 7
2545, 11, 3
2546, 8, 13
2546, 9, 4
2546, 2, 12
2547, 4, 3
2548, 15, 5
2548, 4, 11
2548, 16, 2
2549, 1, 6
2550, 7, 7
2550, 11, 10
2550, 2, 12
2551, 1, 3
2552, 5, 1
2552, 17, 9
2553, 17, 12
2554, 2, 9
2554, 14, 13
2554, 12, 3
2555, 1, 11
2555, 16, 6
2556, 19, 1
2557, 5, 5
2557, 15, 7
2558, 15, 1
2558, 10, 11
2559, 18, 12
2560, 7, 4
2560, 10, 10
2560, 11, 12
2561, 20, 6
2561, 6, 11
2562, 1, 10
2563, 3, 13
2563, 13, 2
2563, 15, 8
2564, 13, 4
2564, 12, 11
2564, 7, 7
2565, 19, 2
2565, 10, 2
2566, 12, 13
2567, 11, 9
2568, 16, 12
2569, 10, 5
2570, 6, 11
2570, 5, 3
2571, 4, 4
2571, 10, 2
2571, 7, 9
2572, 14, 9
2572, 1, 5
2573, 13, 7
2574, 9, 12
2575, 9, 10
2575, 18, 4
2576, 9, 3
2576, 16, 11
2576, 3, 7
2577, 1, 12
2577, 20, 13
2578, 2, 12
2579, 20, 9
2580, 20, 8
2581, 5, 11
2582, 8, 10
2582, 5, 13
2582, 11, 8
2583, 12, 8
2583, 19, 7
2583, 9, 6
2584, 16, 1
2584, 18, 7
2585, 10, 8
2585, 9, 1
2586, 4, 5
2586, 1, 8
2587, 18, 9
2587, 9, 10
2588, 11, 13
2589, 15, 12
2589, 10, 3
2589, 14, 7
2590, 12, 11
2590, 3, 5
2590, 6, 13
2591, 7, 3
2591, 12, 6
2591, 6, 11
2592, 17, 6
2592, 12, 2
2592, 6, 11
2593, 14, 5
2594, 20, 5
2594, 19, 4
2594, 1, 5
2595, 10, 2
2595, 17, 5
2596, 1, 11
2596, 8, 7
2597, 9, 9
2597, 4, 1
2598, 12, 8
2599, 10, 5
2599, 5, 10
2600, 18, 6
2601, 1, 9
2601, 13, 13
2601, 8, 6
2602, 5, 13
2602, 6, 6
2603, 10, 12
2603, 1, 2
2604, 20, 6
2605, 14, 11
2606, 10, 13
2607, 20, 9
2608, 13, 2
2608, 20, 8
2608, 8, 6
2609, 7, 4
2609, 12, 13
2609, 13, 2
2610, 2, 2
2611, 15, 10
2611, 3, 12
2612, 1, 1
2612, 18, 4
2612, 20, 5
2613, 18, 2
2613, 20, 1
2613, 2, 9
2614, 16, 4
2614, 2, 9
2615, 12, 10
2616, 17, 3
2617, 13, 7
2617, 9, 3
2618, 2, 3
2619, 13, 6
2619, 18, 9
2619, 2, 1
2620, 18, 13
2620, 20, 2
2621, 10, 11
2622, 17, 11
2622, 8, 10
2623, 14, 2
2624, 15, 6
2624, 12, 9
2625, 11, 10
2625, 3, 12
2625, 1, 7
2626, 5, 11
2626, 18, 3
2627, 3, 7
2627, 5, 3
2627, 2, 6
2628, 17, 4
2628, 9, 7
2628, 20, 2
2629, 6, 2
2629, 5, 8
2630, 4, 12
2630, 13, 10
2631, 2, 10
2632, 14, 3
2632, 1, 7
2632, 8, 3
2633, 11, 9
2634, 13, 2
2634, 3, 7
2634, 10, 9
2635, 1, 6
2636, 14, 4
2636, 13, 3
2636, 15, 6
2637, 10, 11
2638, 16, 10
2638, 2, 1
2639, 5, 11
2639, 15, 13
2640, 20, 5
2641, 1, 6
2641, 5, 2
2642, 6, 5
2643, 16, 3
2643, 15, 11
2643, 14, 11
2644, 19, 4
2644, 12, 7
2645, 6, 1
2645, 19, 11
2646, 7, 3
2647, 17, 6
2648, 10, 2
2648, 1, 3
2649, 4, 3
2650, 12, 6
2650, 5, 6
2650, 18, 13
2651, 15, 1
2651, 7, 5
2652, 18, 12
2652, 12, 5
2652, 5, 7
2653, 14, 10
2653, 17, 6
2654, 15, 2
2654, 12, 2
2654, 18, 1
2655, 20, 7
2656, 6, 10
2656, 2, 12
2657, 20, 4
2657, 13, 2
2657, 7, 12
2658, 8, 2
2658, 18, 7
2658, 1, 2
2659, 14, 11
2659, 11, 10
2660, 20, 1
2660, 14, 1
2660, 4, 4
2661, 18, 1
2662, 8, 12
2662, 17, 8
2662, 12, 5
2663, 16, 11
2664, 8, 5
2664, 19, 11
2665, 15, 13
2666, 15, 9
2666, 4, 12
2667, 5, 7
2668, 12, 7
2669, 17, 4
2670, 7, 7
2670, 13, 6
2671, 18, 12
2671, 11, 1
2671, 13, 7
2672, 20, 4
2673, 20, 11
2673, 16, 4
2674, 11, 13
2674, 6, 9
2674, 12, 7
2675, 8, 5
2675, 18, 11
2676, 19, 9
2677, 4, 3
2678, 15, 5
2678, 6, 5
2679, 8, 8
2679, 3, 6
2680, 5, 2
2681, 6, 1
2682, 16, 12
2682, 12, 9
2683, 18, 10
2684, 14, 3
2684, 12, 7
2684, 17, 6
2685, 17, 9
2686, 6, 1
2686, 13, 6
2686, 7, 11
2687, 10, 11
2687, 20, 7
2688, 18, 8
2689, 9, 1
2690, 3, 2
2691, 18, 2
2692, 17, 13
2693, 9, 5
2693, 17, 5
2694, 20, 13
2694, 4, 5
2695, 20, 9
2695, 13, 7
2696, 5, 4
2696, 15, 5
2697, 2, 2
2697, 19, 10
2698, 15, 4
2699, 13, 13
2699, 14, 7
2699, 4, 13
2700, 16, 13
2700, 3, 7
2700, 7, 10
2701, 3, 12
2702, 19, 9
2702, 10, 8
2702, 11, 3
2703, 5, 6
2703, 11, 6
2703, 9, 12
2704, 2, 3
2704, 1, 10
2705, 17, 13
2706, 4, 7
2706, 17, 4
2706, 7, 10
2707, 4, 1
2707, 11, 9
2708, 16, 3
2709, 1, 2
2709, 9, 4
2710, 19, 13
2711, 8, 4
2711, 10, 9
2712, 20, 2
2712, 17, 12
2713, 4, 11
2713, 13, 8
2713, 8, 4
2714, 4, 4
2714, 8, 4
2714, 6, 3
2715, 9, 11
2715, 2, 6
2716, 13, 4
2716, 15, 13
2716, 12, 7
2717, 19, 4
2717, 1, 2
2717, 2, 10
2718, 17, 12
2718, 13, 6
2719, 4, 3
2719, 5, 1
2719, 13, 5
2720, 9, 5
2720, 7, 13
2720, 4, 9
2721, 15, 4
2721, 20, 1
2722, 3, 9
2722, 13, 11
2723, 12, 13
2723, 3, 6
2723, 1, 8
2724, 10, 11
2725, 3, 3
2725, 13, 9
2726, 11, 12
2726, 3, 3
2726, 13, 5
2727, 4, 4
2727, 10, 7
2728, 6, 11
2729, 6, 2
2729, 13, 7
2729, 1, 10
2730, 7, 13
2731, 4, 1
2732, 14, 10
2732, 12, 2
2733, 18, 1
2734, 17, 6
2734, 5, 11
2734, 6, 3
2735, 5, 4
2736, 18, 5
2736, 10, 3
2737, 8, 4
2737, 18, 11
2738, 15, 5
2739, 4, 4
2739, 1, 10
2740, 5, 5
2740, 2, 3
2741, 2, 11
2742, 5, 4
2742, 7, 6
2742, 4, 13
2743, 2, 1
2743, 12, 12
2744, 5, 8
2745, 5, 1
2746, 15, 5
2747, 13, 10
2748, 9, 7
2748, 3, 1
2749, 10, 5
2749, 4, 5
2750, 8, 4
2750, 6, 6
2751, 16, 1
2751, 1, 3
2752, 9, 13
2752, 4, 4
2753, 15, 9
2753, 18, 8
2753, 5, 1
2754, 8, 9
2755, 20, 5
2756, 14, 4
2756, 1, 3
2756, 9, 13
2757, 13, 11
2757, 17, 2
2758, 15, 4
2759, 11, 5
2760, 17, 7
2760, 10, 8
2761, 4, 1
2761, 15, 6
2761, 9, 7
2762, 17, 13
2763, 6, 5
2763, 4, 8
2764, 11, 5
2765, 5, 6
2765, 10, 8
2765, 15, 7
2766, 17, 4
2766, 7, 4
2767, 4, 9
2768, 15, 6
2768, 20, 6
2768, 10, 6
2769, 18, 5
2770, 12, 12
2770, 5, 3
2771, 14, 5
2771, 20, 1
2771, 18, 5
2772, 16, 6
2772, 15, 6
2772, 8, 9
2773, 7, 9
2773, 1, 2
2773, 18, 1
2774, 17, 1
2774, 10, 2
2774, 1, 2
2775, 8, 13
2775, 15, 11
2775, 5, 6
2776, 9, 10
2777, 2, 10
2777, 10, 5
2777, 3, 3
2778, 2, 6
2778, 11, 10
2779, 12, 5
2779, 8, 9
2779, 19, 1
2780, 4, 4
2780, 10, 1
2780, 2, 4
2781, 15, 10
2781, 2, 13
2782, 7, 1
2783, 1, 8
2784, 8, 4
2785, 19, 6
2786, 5, 11
2786, 19, 1
2786, 17, 2
2787, 18, 13
2787, 2, 3
2788, 11, 1
2789, 8, 4
2790, 15, 6
2790, 4, 3
2790, 8, 1
2791, 18, 8
2792, 20, 6
2792, 4, 1
2793, 11, 7
2793, 9, 7
2794, 20, 8
2794, 14, 4
2794, 16, 3
2795, 16, 6
2795, 7, 1
2796, 3, 10
2797, 4, 7
2797, 9, 5
2798, 6, 3
2799, 19, 9
2799, 7, 2
2799, 15, 12
2800, 16, 2
2800, 3, 11
2800, 19, 4
2801, 6, 2
2802, 18, 12
2802, 5, 1
2802, 12, 9
2803, 8, 1
2804, 8, 1
2804, 2, 3
2805, 5, 8
2805, 7, 3
2806, 6, 4
2807, 14, 7
2807, 8, 8
2808, 2, 9
2808, 4, 12
2809, 1, 8
2809, 3, 8
2810, 19, 7
2811, 5, 5
2811, 17, 4
2811, 3, 7
2812, 16, 5
2813, 6, 11
2814, 16, 4
2814, 20, 2
2815, 16, 4
2815, 13, 12
2815, 2, 2
2816, 7, 7
2817, 19, 2
2817, 6, 3
2817, 9, 1
2818, 5, 6
2818, 3, 4
2819, 20, 3
2820, 19, 9
2820, 6, 6
2820, 9, 10
2821, 12, 6
2822, 18, 1
2823, 2, 5
2823, 6, 3
2823, 16, 6
2824, 9, 6
2825, 16, 7
2826, 3, 3
2826, 19, 12
2826, 7, 2
2827, 15, 10
2827, 2, 13
2828, 15, 5
2829, 16, 6
2830, 12, 2
2830, 5, 7
2830, 19, 8
2831, 19, 2
2832, 20, 1
2833, 17, 9
2833, 13, 5
2834, 5, 2
2834, 13, 6
2834, 1, 10
2835, 1, 6
2835, 17, 8
2835, 4, 10
2836, 13, 10
2836, 14, 1
2836, 7, 5
2837, 14, 4
2837, 4, 5
2838, 6, 7
2839, 6, 8
2839, 3, 10
2840, 17, 2
2841, 17, 11
2841, 3, 1
2841, 4, 6
2842, 18, 6
2842, 6, 2
2843, 20, 12
2843, 6, 3
2844, 20, 11
2844, 17, 2
2845, 9, 2
2845, 5, 7
2846, 2, 1
2847, 10, 9
2847, 19, 3
2847, 13, 12
2848, 14, 5
2849, 11, 12
2850, 1, 5
2850, 10, 11
2850, 15, 6
2851, 5, 3
2852, 6, 2
2853, 14, 1
2853, 18, 10
2853, 12, 12
2854, 20, 8
2854, 10, 6
2855, 13, 6
2856, 6, 12
2856, 8, 8
2857, 19, 6
2858, 5, 5
2858, 13, 11
2858, 15, 2
2859, 17, 12
2859, 15, 2
2860, 11, 11
2860, 20, 10
2860, 17, 6
2861, 1, 12
2861, 10, 9
2862, 2, 11
2863, 9, 9
2864, 1, 8
2864, 9, 12
2865, 7, 12
2865, 18, 1
2865, 15, 9
2866, 7, 5
2866, 2, 2
2866, 16, 8
2867, 2, 6
2867, 16, 10
2868, 11, 8
2869, 10, 7
2869, 15, 9
2869, 12, 5
2870, 17, 8
2870, 11, 8
2870, 7, 2
2871, 5, 12
2871, 8, 13
2872, 4, 8
2873, 14, 1
2873, 19, 9
2873, 17, 9
2874, 9, 6
2874, 7, 2
2875, 7, 6
2876, 8, 11
2876, 14, 6
2877, 17, 4
2878, 1, 3
2878, 19, 2
2879, 15, 8
2879, 11, 2
2879, 20, 3
2880, 19, 5
2881, 12, 11
2881, 6, 3
2881, 1, 10
2882, 5, 1
2882, 2, 8
2882, 15, 8
2883, 20, 2
2883, 9, 7
2884, 6, 4
2884, 18, 8
2885, 2, 8
2886, 5, 1
2887, 15, 11
2887, 13, 4
2887, 7, 7
2888, 18, 1
2888, 17, 3
2888, 10, 10
2889, 2, 2
2889, 13, 5
2889, 19, 11
2890, 10, 5
2891, 11, 10
2891, 9, 1
2892, 2, 4
2893, 17, 4
2893, 5, 11
2893, 4, 3
2894, 19, 3
2894, 1, 11
2895, 4, 8
2895, 7, 3
2895, 20, 10
2896, 16, 1
2896, 11, 7
2897, 10, 5
2897, 8, 5
2897, 12, 6
2898, 1, 13
2899, 2, 5
2900, 20, 12
2900, 8, 7
2901, 13, 10
2902, 20, 8
2903, 4, 7
2903, 1, 5
2903, 19, 13
2904, 7, 3
2904, 18, 2
2904, 10, 8
2905, 2, 6
2906, 4, 2
2906, 17, 10
2906, 2, 13
2907, 11, 7
2907, 3, 10
2907, 18, 2
2908, 19, 8
2909, 2, 8
2909, 11, 9
2910, 12, 11
2910, 17, 5
2911, 11, 10
2911, 9, 10
2911, 14, 3
2912, 19, 4
2913, 6, 11
2913, 10, 11
2913, 8, 9
2914, 5, 9
2914, 11, 13
2914, 10, 7
2915, 16, 4
2916, 17, 4
2916, 9, 13
2916, 19, 4
2917, 7, 11
2918, 14, 10
2918, 9, 1
2918, 17, 8
2919, 4, 11
2920, 15, 3
2921, 10, 9
2921, 8, 4
2921, 20, 9
2922, 17, 13
2922, 6, 13
2922, 10, 12
2923, 18, 12
2923, 13, 13
2924, 3, 4
2925, 17, 8
2926, 9, 6
2926, 2, 2
2927, 19, 10
2927, 11, 10
2928, 20, 9
2928, 14, 1
2928, 7, 11
2929, 20, 13
2929, 18, 2
2930, 15, 10
2930, 1, 10
2930, 12, 4
2931, 4, 3
2931, 12, 1
2932, 13, 1
2933, 17, 11
2933, 2, 13
2933, 5, 9
2934, 18, 6
2935, 11, 8
2936, 16, 4
2936, 4, 4
2936, 14, 13
2937, 2, 5
2938, 17, 5
2938, 5, 4
2938, 9, 9
2939, 1, 8
2939, 18, 10
2939, 12, 10
2940, 1, 11
2941, 8, 7
2942, 13, 5
2942, 15, 5
2943, 8, 10
2943, 15, 10
2943, 11, 7
2944, 1, 8
2944, 11, 12
2945, 9, 6
2946, 19, 4
2946, 7, 1
2947, 5, 12
2947, 9, 12
2947, 8, 10
2948, 6, 2
2948, 10, 10
2949, 11, 3
2950, 6, 2
2950, 9, 13
2950, 12, 8
2951, 13, 6
2951, 9, 1
2952, 15, 1
2953, 8, 3
2953, 1, 2
2953, 19, 8
2954, 19, 12
2955, 16, 6
2956, 18, 11
2957, 8, 2
2957, 9, 7
2957, 10, 13
2958, 13, 2
2958, 20, 6
2959, 5, 1
2959, 18, 4
2960, 10, 6
2960, 13, 5
2961, 17, 2
2961, 3, 9
2962, 3, 9
2962, 13, 6
2963, 3, 9
2963, 1, 2
2963, 15, 11
2964, 15, 12
2965, 1, 4
2966, 17, 4
2966, 4, 7
2967, 7, 9
2967, 10, 11
2967, 2, 2
2968, 12, 4
2968, 5, 9
2969, 13, 1
2969, 18, 12
2969, 15, 2
2970, 7, 12
2971, 10, 10
2971, 12, 3
2971, 20, 4
2972, 6, 11
2972, 5, 6
2973, 12, 2
2974, 12, 5
2974, 4, 6
2974, 16, 3
2975, 17, 8
2975, 15, 11
2976, 5, 1
2977, 14, 8
2977, 11, 9
2977, 15, 3
2978, 14, 13
2978, 11, 12
2978, 6, 1
2979, 12, 8
2980, 8, 11
2981, 9, 8
2981, 3, 10
2982, 13, 6
2982, 15, 9
2982, 4, 10
2983, 19, 7
2983, 11, 1
2984, 20, 6
2984, 16, 12
2984, 18, 4
2985, 10, 1
2985, 13, 11
2985, 11, 6
2986, 20, 1
2986, 19, 5
2987, 19, 4
2987, 12, 9
2987, 18, 5
2988, 15, 11
2988, 4, 7
2988, 2, 2
2989, 3, 11
2989, 19, 9
2990, 2, 2
2991, 12, 11
2991, 14, 10
2991, 7, 3
2992, 4, 10
2992, 9, 9
2993, 20, 8
2993, 13, 2
2994, 4, 13
2995, 14, 2
2995, 9, 11
2995, 4, 12
2996, 14, 8
2997, 11, 4
2998, 8, 3
2998, 19, 1
2999, 2, 11
2999, 18, 12
2999, 14, 9
3000, 19, 12
3001, 8, 13
3002, 4, 8
3002, 15, 8
3002, 19, 12
3003, 19, 8
3003, 16, 2
3003, 10, 2
3004, 7, 3
3004, 8, 1
3004, 17, 4
3005, 1, 2
3005, 11, 2
3006, 14, 11
3006, 6, 3
3007, 17, 7
3007, 9, 1
3008, 7, 7
3008, 15, 12
3008, 4, 12
3009, 8, 3
3009, 5, 9
3009, 19, 6
3010, 12, 12
3010, 1, 2
3010, 13, 5
3011, 13, 13
3011, 10, 1
3012, 2, 7
3012, 6, 12
3012, 18, 10
3013, 9, 13
3013, 13, 9
3014, 7, 9
3015, 3, 10
3015, 14, 1
3016, 1, 8
3017, 1, 3
3017, 19, 8
3017, 3, 6
3018, 5, 1
3018, 15, 2
3018, 13, 4
3019, 20, 3
3019, 9, 5
3019, 1, 4
3020, 14, 7
3020, 4, 1
3020, 17, 11
3021, 3, 9
3022, 11, 9
3022, 5, 11
3023, 10, 13
3024, 13, 12
3024, 17, 4
3025, 8, 11
3025, 18, 11
3026, 13, 10
3026, 7, 2
3027, 1, 1
3027, 6, 11
3028, 2, 1
3028, 7, 3
3028, 11, 13
3029, 15, 3
3030, 4, 5
3030, 6, 3
3030, 10, 7
3031, 10, 7
3032, 1, 5
3033, 12, 5
3033, 6, 2
3034, 10, 12
3034, 20, 10
3034, 17, 10
3035, 10, 10
3036, 17, 11
3036, 9, 3
3037, 6, 3
3038, 3, 1
3039, 5, 9
3040, 19, 13
3040, 14, 6
3040, 2, 11
3041, 1, 8
3042, 15, 6
3043, 13, 12
3043, 5, 9
3044, 13, 10
3045, 15, 6
3045, 19, 13
3045, 20, 2
3046, 13, 3
3046, 14, 12
3047, 1, 4
3047, 14, 7
3048, 7, 7
3049, 5, 12
3050, 20, 1
3050, 10, 5
3051, 3, 9
3051, 4, 1
3051, 20, 7
3052, 18, 5
3052, 11, 2
3052, 13, 2
3053, 12, 12
3053, 1, 6
3054, 7, 6
3054, 15, 1
3054, 11, 10
3055, 17, 3
3056, 1, 11
3057, 8, 3
3057, 3, 1
3057, 19, 6
3058, 2, 6
3058, 5, 10
3059, 16, 3
3060, 14, 11
3060, 16, 8
3060, 15, 2
3061, 13, 6
3061, 19, 10
3062, 14, 11
3062, 15, 2
3062, 5, 6
3063, 4, 10
3064, 6, 4
3064, 4, 10
3065, 7, 13
3065, 19, 2
3066, 10, 10
3066, 9, 7
3066, 1, 2
3067, 12, 7
3067, 5, 4
3068, 18, 10
3069, 11, 10
3070, 13, 9
3071, 16, 11
3071, 13, 1
3072, 12, 5
3072, 11, 10
3072, 17, 12
3073, 17, 7
3073, 19, 12
3073, 3, 1
3074, 7, 12
3074, 5, 6
3074, 8, 13
3075, 18, 10
3075, 6, 2
3076, 19, 3
3076, 4, 1
3077, 4, 5
3077, 16, 10
3078, 6, 11
3079, 12, 11
3079, 6, 11
3079, 10, 10
3080, 20, 8
3081, 20, 12
3082, 14, 5
3082, 7, 8
3083, 10, 7
3083, 16, 11
3083, 13, 3
3084, 3, 6
3084, 6, 7
3084, 15, 6
3085, 15, 5
3085, 6, 1
3086, 10, 4
3087, 12, 7
3088, 2, 12
3088, 16, 4
3088, 20, 7
3089, 8, 8
3090, 7, 2
3090, 14, 5
3091, 4, 8
3091, 13, 8
3092, 14, 6
3092, 3, 8
3093, 7, 10
3093, 10, 10
3094, 14, 5
3094, 9, 2
3094, 1, 6
3095, 3, 2
3095, 7, 7
3095, 20, 11
3096, 8, 5
3097, 18, 12
3097, 7, 4
3098, 17, 5
3098, 7, 2
3099, 8, 3
3099, 10, 9
3099, 5, 7
3100, 5, 6
3101, 6, 3
3102, 17, 8
3102, 11, 1
3103, 18, 7
3103, 16, 4
3104, 13, 3
3104, 14, 6
3104, 2, 9
3105, 2, 8
3105, 12, 9
3105, 6, 8
3106, 6, 9
3106, 2, 7
3106, 15, 2
3107, 15, 12
3107, 14, 13
3108, 19, 7
3108, 9, 11
3109, 17, 7
3109, 4, 4
3109, 19, 7
3110, 14, 6
3111, 9, 8
3111, 7, 2
3111, 3, 13
3112, 4, 5
3112, 6, 9
3113, 16, 11
3113, 11, 12
3113, 1, 12
3114, 7, 8
3115, 5, 11
3116, 12, 10
3116, 14, 8
3116, 6, 6
3117, 12, 6
3117, 10, 11
3117, 16, 8
3118, 6, 6
3119, 16, 5
3120, 5, 5
3121, 8, 7
3121, 19, 13
3121, 11, 1
3122, 10, 5
3122, 19, 1
3123, 7, 6
3124, 18, 5
3124, 4, 2
3125, 3, 3
3125, 17, 1
3126, 4, 6
3126, 3, 7
3126, 13, 9
3127, 3, 2
3128, 20, 9
3129, 10, 3
3129, 18, 12
3130, 7, 8
3130, 1, 13
3130, 18, 3
3131, 7, 13
3132, 16, 8
3132, 1, 3
3132, 6, 1
3133, 7, 1
3134, 2, 7
3134, 3, 6
3135, 19, 4
3135, 9, 3
3135, 8, 11
3136, 3, 12
3136, 19, 8
3137, 16, 7
3137, 17, 13
3137, 13, 5
3138, 13, 5
3138, 3, 8
3139, 20, 8
3139, 5, 9
3139, 2, 10
3140, 2, 6
3141, 3, 8
3141, 17, 7
3142, 14, 1
3143, 2, 13
3143, 18, 13
3144, 17, 3
3144, 10, 3
3144, 6, 1
3145, 9, 1
3145, 17, 1
3146, 14, 1
3146, 3, 10
3146, 1, 11
3147, 19, 13
3147, 15, 4
3147, 20, 13
3148, 7, 3
3149, 4, 12
3149, 1, 5
3149, 18, 10
3150, 6, 4
3150, 12, 13
3150, 1, 13
3151, 9, 11
3151, 2, 3
3152, 1, 4
3152, 9, 2
3152, 4, 6
3153, 17, 11
3153, 19, 7
3153, 1, 2
3154, 10, 8
3154, 13, 4
3154, 3, 10
3155, 15, 12
3156, 11, 10
3156, 1, 8
3156, 2, 9
3157, 18, 1
3157, 8, 8
3158, 11, 4
3158, 3, 10
3159, 20, 5
3160, 20, 2
3161, 20, 2
3161, 14, 5
3161, 15, 2
3162, 3, 7
3162, 16, 7
3163, 8, 9
3163, 14, 6
3164, 15, 8
3164, 20, 3
3165, 17, 7
3166, 1, 10
3166, 14, 9
3166, 5, 1
3167, 14, 11
3167, 11, 3
3168, 9, 13
3168, 16, 7
3169, 20, 7
3170, 11, 8
3170, 3, 8
3170, 18, 5
3171, 12, 9
3172, 11, 8
3172, 16, 3
3172, 14, 1
3173, 7, 12
3173, 20, 12
3174, 8, 4
3174, 18, 13
3175, 20, 5
3175, 3, 2
3175, 9, 4
3176, 7, 10
3176, 13, 5
3176, 19, 10
3177, 18, 10
3177, 2, 10
3177, 10, 8
3178, 1, 11
3178, 17, 9
3178, 12, 1
3179, 2, 12
3180, 19, 9
3180, 1, 9
3180, 16, 2
3181, 16, 5
3181, 4, 10
3182, 15, 2
3182, 13, 11
3182, 8, 9
3183, 15, 13
3183, 18, 7
3184, 19, 9
3184, 16, 2
3184, 20, 10
3185, 17, 10
3185, 10, 6
3186, 1, 13
3186, 11, 12
3186, 5, 1
3187, 17, 13
3188, 6, 13
3189, 5, 9
3189, 15, 10
3189, 11, 6
3190, 5, 9
3190, 16, 5
3191, 8, 8
3192, 3, 11
3192, 20, 10
3193, 4, 10
3193, 2, 4
3194, 19, 8
3195, 4, 11
3195, 16, 3
3195, 20, 10
3196, 15, 10
3196, 18, 11
3196, 3, 10
3197, 11, 1
3197, 1, 3
3197, 18, 10
3198, 9, 12
3198, 3, 1
3199, 18, 6
3199, 4, 1
3199, 2, 12
3200, 1, 12
3200, 9, 3
3200, 5, 4
3201, 13, 1
3201, 12, 8
3202, 19, 3
3203, 5, 4
3204, 12, 10
3204, 8, 11
3205, 13, 8
3205, 15, 6
3205, 9, 10
3206, 20, 1
3206, 2, 13
3206, 7, 9
3207, 9, 13
3207, 18, 11
3207, 3, 1
3208, 8, 10
3209, 4, 10
3209, 2, 8
3209, 13, 5
3210, 16, 10
3210, 3, 7
3210, 11, 13
3211, 14, 11
3212, 13, 2
3213, 6, 7
3213, 11, 5
3214, 13, 1
3215, 3, 5
3215, 18, 6
3216, 10, 10
3216, 16, 13
3216, 20, 13
3217, 11, 13
3217, 2, 10
3217, 9, 3
3218, 15, 7
3218, 10, 4
3219, 5, 7
3220, 16, 1
3220, 13, 12
3220, 12, 3
3221, 17, 1
3222, 17, 3
3222, 19, 9
3222, 12, 7
3223, 15, 8
3224, 14, 13
3224, 8, 11
3225, 7, 13
3226, 16, 12
3226, 19, 11
3226, 2, 3
3227, 10, 10
3227, 18, 12
3228, 17, 10
3228, 10, 13
3228, 4, 5
3229, 17, 1
3229, 13, 10
3229, 9, 8
3230, 7, 12
3230, 18, 7
3230, 11, 13
3231, 5, 5
3231, 9, 3
3232, 18, 4
3232, 8, 2
3232, 16, 8
3233, 14, 9
3233, 9, 1
3233, 17, 13
3234, 4, 2
3234, 5, 12
3234, 8, 5
3235, 14, 1
3236, 17, 10
3236, 14, 12
3237, 8, 11
3237, 5, 3
3237, 2, 8
3238, 15, 9
3239, 9, 8
3239, 20, 3
3240, 18, 9
3240, 14, 8
3240, 3, 6
3241, 9, 8
3242, 9, 4
3243, 12, 9
3244, 2, 8
3244, 8, 11
3244, 17, 13
3245, 8, 6
3245, 7, 3
3246, 5, 7
3246, 18, 7
3247, 18, 3
3248, 18, 4
3248, 5, 11
3249, 7, 10
3249, 17, 9
3249, 20, 7
3250, 15, 10
3250, 12, 10
3250, 10, 6
3251, 20, 12
3252, 13, 2
3252, 4, 10
3253, 3, 11
3253, 15, 10
3253, 9, 5
3254, 4, 3
3254, 2, 12
3255, 3, 12
3255, 6, 3
3256, 2, 2
3257, 12, 12
3257, 7, 7
3257, 10, 13
3258, 18, 8
3258, 19, 2
3258, 6, 6
3259, 4, 1
3260, 7, 5
3260, 17, 3
3260, 11, 5
3261, 7, 2
3261, 5, 5
3262, 17, 13
3262, 9, 8
3263, 4, 12
3263, 5, 2
3264, 5, 10
3264, 1, 6
3264, 3, 4
3265, 16, 10
3265, 15, 10
3266, 20, 10
3266, 14, 13
3266, 4, 8
3267, 19, 4
3267, 5, 10
3268, 20, 8
3269, 5, 5
3269, 15, 3
3269, 11, 6
3270, 3, 3
3270, 10, 12
3270, 18, 13
3271, 1, 2
3271, 3, 1
3271, 6, 2
3272, 13, 5
3273, 15, 6
3273, 6, 1
3273, 20, 6
3274, 10, 3
3275, 18, 11
3275, 8, 4
3276, 17, 12
3277, 6, 10
3277, 5, 9
3278, 10, 6
3278, 2, 7
3278, 3, 8
3279, 16, 2
3280, 8, 7
3280, 7, 1
3281, 2, 1
3282, 18, 10
3282, 19, 3
3283, 14, 9
3283, 16, 4
3283, 11, 13
3284, 14, 4
3285, 6, 13
3285, 9, 8
3286, 1, 7
3286, 16, 10
3286, 17, 7
3287, 17, 5
3287, 9, 5
3287, 13, 5
3288, 13, 12
3289, 4, 6
3289, 8, 7
3290, 4, 3
3291, 18, 7
3292, 18, 1
3292, 17, 9
3293, 2, 13
3293, 7, 11
3294, 1, 12
3294, 2, 1
3295, 16, 13
3295, 9, 6
3295, 8, 12
3296, 4, 8
3297, 6, 9
3298, 1, 7
3298, 19, 6
3299, 4, 13
3299, 16, 11
3300, 19, 13
3301, 6, 1
3302, 15, 2
3302, 14, 4
3302, 5, 10
3303, 15, 11
3304, 19, 2
3304, 15, 2
3304, 6, 7
3305, 6, 2
3305, 7, 1
3306, 7, 4
3306, 19, 11
3307, 4, 12
3307, 9, 12
3308, 16, 1
3308, 12, 5
3308, 3, 5
3309, 1, 9
3309, 8, 1
3309, 10, 5
3310, 15, 12
3310, 7, 5
3311, 12, 7
3311, 18, 10
3312, 16, 5
3312, 11, 11
3313, 7, 1
3314, 14, 9
3314, 20, 2
3314, 1, 12
3315, 15, 5
3315, 3, 2
3316, 10, 11
3316, 18, 12
3317, 6, 11
3317, 4, 7
3318, 6, 11
3318, 5, 13
3319, 16, 8
3319, 9, 3
3320, 3, 7
3320, 11, 1
3320, 19, 2
3321, 2, 2
3321, 7, 13
3322, 12, 12
3323, 5, 4
3323, 9, 9
3324, 4, 11
3324, 15, 7
3324, 7, 4
3325, 17, 9
3326, 11, 12
3326, 7, 13
3326, 20, 8
3327, 12, 1
3327, 17, 4
3328, 6, 11
3328, 16, 4
3328, 14, 9
3329, 5, 4
3329, 4, 9
3329, 19, 5
3330, 16, 6
3330, 9, 4
3331, 8, 11
3332, 15, 4
3333, 20, 5
3333, 12, 11
3333, 5, 4
3334, 13, 9
3334, 5, 9
3334, 7, 7
3335, 1, 6
3335, 5, 4
3336, 3, 1
3336, 6, 9
3336, 5, 2
3337, 1, 9
3338, 17, 9
3339, 6, 4
3340, 18, 12
3340, 13, 12
3340, 6, 10
3341, 16, 8
3342, 9, 2
3342, 17, 13
3343, 11, 8
3344, 8, 10
3344, 6, 6
3344, 19, 6
3345, 12, 11
3346, 1, 4
3347, 15, 2
3348, 10, 8
3349, 4, 9
3349, 12, 4
3349, 20, 2
3350, 7, 11
3350, 8, 6
3351, 6, 4
3351, 12, 7
3352, 12, 12
3352, 2, 3
3352, 15, 9
3353, 14, 6
3354, 4, 11
3354, 18, 4
3355, 4, 2
3355, 9, 7
3356, 10, 9
3356, 17, 8
3356, 9, 5
3357, 13, 8
3357, 4, 8
3358, 11, 10
3358, 13, 6
3358, 8, 8
3359, 7, 12
3359, 17, 7
3359, 4, 10
3360, 7, 11
3361, 15, 13
3362, 9, 7
3362, 13, 10
3362, 11, 8
3363, 9, 6
3363, 11, 8
3364, 20, 7
3364, 2, 11
3365, 12, 3
3365, 9, 3
3365, 1, 12
3366, 1, 8
3366, 11, 4
3367, 14, 5
3367, 6, 12
3367, 19, 11
3368, 2, 12
3368, 15, 1
3369, 2, 8
3369, 6, 5
3369, 10, 8
3370, 11, 1
3370, 6, 4
3370, 12, 9
3371, 5, 6
3371, 17, 5
3372, 1, 9
3373, 9, 13
3373, 15, 3
3373, 5, 9
3374, 18, 6
3374, 8, 3
3374, 2, 5
3375, 20, 5
3375, 10, 13
3375, 17, 4
3376, 6, 2
3377, 4, 8
3378, 19, 13
3378, 9, 7
3378, 5, 3
3379, 19, 6
3380, 6, 3
3380, 19, 3
3381, 15, 8
3381, 19, 1
3382, 11, 10
3382, 8, 13
3383, 19, 5
3383, 10, 8
3384, 10, 4
3385, 6, 12
3385, 10, 6
3386, 11, 7
3386, 2, 8
3386, 5, 4
3387, 11, 1
3387, 1, 11
3387, 2, 13
3388, 3, 10
3389, 6, 5
3389, 12, 13
3390, 16, 1
3391, 8, 10
3391, 19, 7
3392, 3, 7
3392, 2, 10
3392, 13, 2
3393, 9, 12
3394, 17, 13
3394, 5, 10
3394, 20, 13
3395, 14, 12
3396, 2, 3
3397, 1, 1
3398, 13, 9
3398, 10, 13
3399, 20, 13
3399, 19, 2
3400, 19, 2
3400, 16, 2
3400, 12, 12
3401, 13, 11
3401, 4, 2
3401, 11, 4
3402, 17, 1
3402, 19, 7
3402, 8, 9
3403, 20, 2
3403, 6, 5
3404, 2, 4
3405, 13, 2
3405, 9, 7
3405, 7, 3
3406, 14, 8
3406, 2, 8
3406, 16, 8
3407, 15, 3
3408, 8, 13
3408, 17, 9
3408, 9, 6
3409, 2, 1
3409, 7, 9
3410, 18, 9
3411, 3, 10
3411, 13, 1
3412, 6, 8
3412, 17, 9
3412, 13, 1
3413, 13, 6
3413, 18, 11
3413, 20, 2
3414, 5, 4
3414, 2, 11
3414, 19, 12
3415, 5, 3
3415, 3, 5
3416, 2, 1
3417, 20, 4
3417, 1, 6
3417, 11, 11
3418, 15, 7
3419, 10, 4
3420, 20, 8
3420, 10, 8
3420, 12, 13
3421, 8, 7
3421, 7, 10
3422, 15, 1
3422, 7, 9
3423, 20, 11
3424, 18, 9
3424, 15, 6
3425, 4, 7
3425, 6, 10
3426, 16, 2
3426, 17, 5
3426, 5, 2
3427, 7, 11
3427, 6, 9
3427, 4, 9
3428, 13, 4
3428, 11, 13
3428, 8, 1
3429, 9, 6
3429, 7, 3
3430, 9, 7
3430, 17, 1
3430, 11, 1
3431, 7, 8
3431, 4, 8
3432, 19, 11
3432, 7, 1
3433, 7, 1
3433, 14, 6
3434, 19, 13
3434, 6, 10
3434, 15, 6
3435, 20, 7
3436, 3, 12
3437, 15, 3
3438, 9, 2
3439, 2, 9
3439, 6, 5
3440, 15, 3
3441, 16, 13
3442, 14, 4
3443, 9, 7
3443, 12, 3
3444, 4, 11
3444, 12, 13
3445, 10, 6
3445, 14, 7
3445, 1, 9
3446, 20, 10
3447, 3, 7
3448, 16, 5
3448, 4, 8
3448, 7, 13
3449, 11, 4
3449, 20, 2
3449, 5, 8
3450, 1, 5
3450, 20, 1
3451, 9, 10
3451, 18, 12
3451, 14, 9
3452, 5, 3
3453, 19, 12
3453, 12, 4
3453, 18, 2
3454, 11, 7
3455, 15, 5
3456, 2, 13
3457, 5, 6
3457, 15, 9
3457, 9, 2
3458, 18, 2
3458, 19, 7
3458, 1, 5
3459, 11, 10
3460, 6, 5
3460, 14, 13
3461, 9, 1
3461, 10, 12
3461, 16, 12
3462, 19, 10
3462, 12, 8
3462, 15, 7
3463, 17, 1
3464, 6, 3
3465, 20, 6
3466, 19, 1
3467, 12, 2
3468, 18, 1
3468, 8, 3
3469, 3, 8
3469, 7, 7
3470, 3, 6
3471, 13, 6
3471, 9, 3
3471, 7, 7
3472, 16, 11
3472, 10, 12
3472, 12, 5
3473, 5, 1
3473, 20, 2
3474, 10, 2
3475, 8, 13
3475, 3, 2
3476, 14, 12
3476, 4, 4
3477, 4, 10
3477, 3, 2
3478, 3, 2
3478, 8, 2
3479, 12, 8
3479, 9, 7
3479, 20, 4
3480, 10, 10
3481, 2, 4
3481, 8, 7
3481, 7, 2
3482, 16, 2
3482, 20, 10
3482, 18, 13
3483, 7, 12
3483, 11, 2
3484, 15, 4
3485, 8, 6
3485, 20, 9
3486, 15, 3
3487, 8, 8
3487, 6, 2
3488, 10, 1
3488, 15, 5
3488, 12, 6
3489, 12, 2
3489, 3, 6
3489, 10, 11
3490, 8, 5
3490, 16, 10
3491, 3, 6
3492, 13, 10
3492, 18, 11
3492, 15, 13
3493, 10, 4
3494, 5, 7
3495, 4, 9
3495, 2, 8
3496, 12, 4
3497, 3, 13
3498, 5, 6
3498, 3, 1
3498, 10, 11
3499, 13, 2
3500, 3, 13
3500, 1, 2
3500, 2, 8
3501, 20, 5
3501, 3, 4
3501, 17, 4
3502, 1, 9
3502, 18, 8
3502, 17, 11
3503, 2, 13
3503, 5, 2
3503, 1, 10
3504, 10, 1
3504, 4, 6
3505, 2, 2
3506, 9, 13
3506, 1, 4
3506, 11, 6
3507, 4, 13
3508, 14, 3
3509, 6, 3
3509, 1, 10
3510, 11, 3
3510, 9, 7
3510, 1, 5
3511, 1, 1
3512, 11, 8
3512, 17, 8
3512, 4, 11
3513, 4, 1
3513, 1, 10
3514, 9, 12
3514, 11, 7
3514, 7, 2
3515, 16, 11
3515, 7, 12
3516, 3, 12
3517, 12, 13
3518, 5, 6
3518, 4, 13
3519, 12, 3
3519, 3, 1
3519, 14, 6
3520, 9, 4
3520, 1, 8
3521, 1, 2
3521, 12, 13
3522, 1, 6
3522, 10, 5
3523, 19, 7
3523, 17, 6
3523, 13, 8
3524, 13, 4
3524, 5, 4
3525, 8, 3
3525, 6, 13
3525, 7, 12
3526, 18, 6
3527, 2, 12
3527, 3, 8
3527, 6, 7
3528, 1, 10
3528, 4, 4
3529, 6, 1
3529, 15, 11
3529, 4, 2
3530, 1, 4
3531, 4, 12
3531, 13, 7
3532, 18, 13
3533, 13, 12
3533, 6, 12
3534, 15, 9
3534, 12, 11
3534, 11, 13
3535, 2, 13
3536, 10, 4
3537, 3, 12
3537, 2, 3
3538, 4, 5
3538, 20, 13
3539, 12, 11
3539, 14, 10
3539, 13, 11
3540, 15, 5
3540, 12, 12
3540, 3, 12
3541, 1, 13
3541, 10, 1
3542, 10, 4
3542, 14, 7
3543, 10, 3
3543, 7, 6
3543, 5, 8
3544, 2, 10
3544, 15, 5
3544, 20, 4
3545, 5, 4
3545, 14, 7
3545, 6, 2
3546, 2, 4
3547, 20, 11
3547, 19, 13
3548, 16, 8
3548, 3, 12
3548, 5, 2
3549, 18, 5
3549, 7, 2
3549, 17, 9
3550, 1, 1
3550, 17, 1
3551, 13, 3
3551, 15, 13
3551, 14, 3
3552, 20, 9
3552, 17, 5
3553, 19, 10
3554, 20, 1
3554, 16, 12
3554, 12, 7
3555, 10, 2
3555, 4, 8
3555, 2, 5
3556, 6, 13
3557, 20, 5
3557, 15, 7
3558, 6, 1
3558, 7, 13
3558, 10, 6
3559, 19, 2
3559, 10, 10
3559, 17, 8
3560, 17, 3
3561, 2, 13
3561, 9, 8
3562, 20, 12
3562, 13, 10
3562, 14, 6
3563, 10, 9
3563, 20, 7
3564, 17, 3
3565, 10, 8
3565, 7, 11
3566, 13, 5
3566, 8, 7
3567, 13, 6
3567, 4, 13
3567, 2, 2
3568, 3, 11
3568, 12, 4
3569, 17, 4
3570, 2, 2
3571, 18, 5
3572, 20, 5
3573, 5, 9
3573, 13, 4
3574, 9, 4
3574, 15, 12
3575, 20, 11
3575, 19, 5
3576, 11, 11
3576, 6, 8
3576, 15, 7
3577, 6, 4
3578, 8, 11
3578, 13, 11
3578, 14, 13
3579, 18, 2
3580, 7, 13
3580, 16, 3
3580, 2, 13
3581, 8, 9
3582, 13, 11
3582, 4, 10
3582, 10, 10
3583, 7, 7
3583, 19, 1
3584, 14, 3
3585, 2, 13
3585, 15, 2
3585, 17, 5
3586, 6, 7
3586, 1, 3
3586, 12, 11
3587, 8, 8
3587, 12, 13
3588, 5, 7
3588, 9, 8
3588, 16, 3
3589, 16, 2
3590, 6, 4
3590, 18, 4
3591, 19, 9
3592, 15, 9
3592, 4, 5
3592, 1, 3
3593, 7, 11
3594, 4, 2
3595, 5, 5
3596, 9, 11
3597, 17, 3
3597, 1, 11
3598, 8, 10
3598, 1, 6
3598, 10, 1
3599, 18, 10
3599, 9, 11
3600, 17, 8
3600, 16, 12
3600, 20, 11
3601, 6, 10
3601, 8, 12
3602, 11, 8
3602, 16, 12
3603, 13, 7
3603, 16, 12
3604, 1, 6
3605, 10, 4
3605, 5, 9
3606, 6, 1
3606, 19, 11
3607, 14, 9
3607, 17, 7
3608, 13, 6
3609, 5, 2
3610, 4, 7
3611, 2, 12
3611, 15, 2
3612, 8, 11
3613, 19, 9
3613, 7, 2
3613, 1, 10
3614, 5, 10
3615, 8, 8
3615, 2, 13
3615, 6, 10
3616, 18, 7
3616, 4, 12
3617, 20, 4
3618, 4, 3
3618, 17, 13
3618, 20, 1
3619, 10, 2
3620, 14, 11
3620, 17, 3
3621, 9, 3
3621, 4, 12
3621, 15, 13
3622, 2, 1
3623, 1, 3
3624, 17, 9
3624, 18, 4
3624, 3, 5
3625, 10, 10
3626, 18, 11
3627, 4, 3
3627, 11, 10
3627, 17, 2
3628, 15, 8
3628, 17, 11
3629, 17, 7
3629, 1, 12
3629, 4, 5
3630, 14, 11
3630, 3, 2
3631, 2, 5
3632, 11, 13
3632, 15, 4
3632, 14, 3
3633, 8, 11
3634, 8, 5
3635, 5, 1
3636, 10, 11
3636, 2, 12
3636, 11, 13
3637, 7, 8
3638, 19, 10
3639, 2, 3
3640, 20, 12
3640, 13, 2
3640, 10, 12
3641, 4, 8
3641, 15, 11
3642, 3, 10
3643, 4, 1
3644, 11, 3
3644, 13, 12
3645, 11, 10
3645, 17, 7
3646, 20, 10
3646, 7, 7
3647, 9, 11
3647, 18, 12
3647, 8, 1
3648, 5, 1
3649, 6, 5
3649, 4, 4
3649, 20, 7
3650, 5, 4
3650, 18, 12
3651, 19, 11
3651, 9, 4
3651, 10, 6
3652, 6, 9
3653, 2, 5
3654, 5, 13
3654, 13, 5
3654, 15, 8
3655, 12, 9
3655, 19, 1
3655, 17, 9
3656, 5, 11
3656, 14, 3
3656, 15, 5
3657, 5, 10
3657, 4, 1
3657, 1, 8
3658, 8, 10
3658, 15, 8
3659, 6, 4
3660, 11, 8
3660, 4, 13
3660, 7, 8
3661, 20, 9
3661, 18, 1
3661, 13, 11
3662, 6, 9
3662, 1, 9
3662, 8, 5
3663, 3, 12
3663, 11, 10
3663, 20, 9
3664, 11, 4
3665, 4, 13
3665, 20, 12
3665, 13, 8
3666, 15, 11
3667, 8, 12
3667, 12, 13
3668, 6, 8
3668, 5, 4
3668, 9, 3
3669, 6, 13
3669, 14, 5
3669, 3, 6
3670, 7, 8
3670, 19, 12
3671, 8, 3
3671, 9, 7
3672, 16, 10
3672, 14, 11
3672, 4, 6
3673, 19, 10
3673, 14, 13
3673, 20, 6
3674, 1, 6
3674, 15, 7
3674, 7, 12
3675, 8, 7
3675, 15, 1
3676, 13, 7
3677, 1, 1
3678, 16, 11
3679, 8, 1
3679, 13, 5
3680, 13, 4
3680, 5, 7
3681, 10, 7
3681, 1, 4
3681, 11, 11
3682, 2, 12
3682, 12, 3
3683, 4, 12
3683, 12, 13
3684, 10, 5
3684, 15, 2
3684, 11, 4
3685, 9, 3
3686, 14, 11
3687, 10, 7
3688, 18, 1
3688, 7, 1
3689, 5, 5
3689, 10, 6
3689, 19, 12
3690, 2, 3
3690, 17, 9
3691, 14, 7
3691, 19, 3
3691, 11, 12
3692, 18, 4
3692, 13, 9
3692, 17, 6
3693, 15, 6
3693, 12, 1
3693, 4, 11
3694, 7, 12
3695, 9, 9
3695, 4, 3
3696, 19, 11
3696, 18, 4
3697, 10, 6
3697, 4, 2
3697, 14, 10
3698, 15, 4
3699, 11, 7
3699, 10, 4
3699, 1, 4
3700, 2, 1
3701, 7, 1
3701, 2, 12
3701, 8, 12
3702, 7, 7
3702, 9, 9
3702, 6, 11
3703, 1, 10
3703, 11, 13
3703, 14, 12
3704, 14, 1
3705, 9, 7
3705, 10, 2
3706, 1, 10
3707, 12, 2
3707, 17, 4
3707, 6, 9
3708, 9, 11
3709, 16, 2
3710, 9, 10
3711, 14, 10
3712, 12, 1
3712, 8, 3
3712, 10, 3
3713, 12, 9
3713, 1, 5
3713, 18, 8
3714, 9, 11
3714, 5, 13
3714, 18, 4
3715, 8, 6
3715, 1, 11
3716, 15, 2
3716, 20, 5
3716, 18, 5
3717, 6, 3
3718, 16, 9
3718, 12, 3
3719, 4, 1
3719, 18, 11
3720, 9, 3
3720, 6, 12
3721, 7, 3
3722, 1, 7
3723, 1, 3
3723, 8, 13
3724, 3, 9
3724, 16, 9
3725, 13, 2
3725, 10, 6
3725, 11, 2
3726, 17, 2
3726, 11, 6
3727, 11, 13
3728, 1, 7
3728, 6, 10
3728, 13, 13
3729, 2, 1
3729, 13, 13
3730, 6, 13
3730, 12, 8
3730, 3, 3
3731, 12, 6
3731, 4, 12
3731, 13, 8
3732, 13, 12
3733, 5, 10
3733, 3, 10
3734, 3, 11
3734, 11, 8
3734, 13, 8
3735, 10, 12
3735, 11, 13
3735, 9, 8
3736, 12, 4
3736, 10, 13
3737, 19, 2
3738, 12, 9
3738, 6, 4
3739, 9, 4
3740, 20, 5
3740, 13, 6
3740, 15, 12
3741, 13, 6
3741, 11, 10
3742, 12, 8
3742, 3, 7
3743, 19, 1
3744, 3, 11
3744, 9, 4
3744, 14, 4
3745, 20, 6
3745, 11, 2
3745, 7, 12
3746, 3, 1
3746, 9, 4
3747, 2, 4
3747, 3, 9
3747, 19, 9
3748, 4, 12
3748, 8, 13
3748, 10, 13
3749, 13, 2
3749, 12, 7
3750, 2, 6
3750, 20, 2
3750, 6, 1
3751, 3, 10
3751, 2, 3
3752, 13, 10
3752, 17, 6
3753, 9, 11
3753, 6, 9
3753, 14, 7
3754, 19, 8
3754, 17, 1
3754, 18, 8
3755, 18, 10
3755, 9, 10
3756, 10, 7
3757, 9, 4
3758, 11, 2
3758, 14, 9
3759, 16, 10
3759, 1, 3
3759, 2, 3
3760, 15, 8
3760, 19, 6
3761, 11, 10
3762, 19, 7
3762, 18, 9
3762, 1, 10
3763, 9, 1
3763, 18, 5
3764, 15, 7
3765, 11, 2
3765, 18, 1
3766, 4, 9
3766, 3, 4
3766, 20, 12
3767, 2, 13
3768, 7, 7
3768, 13, 8
3769, 9, 13
3769, 8, 5
3769, 15, 8
3770, 12, 12
3770, 13, 10
3771, 2, 6
3771, 14, 4
3771, 11, 5
3772, 2, 12
3772, 14, 3
3773, 10, 13
3773, 19, 1
3774, 11, 3
3774, 20, 9
3775, 5, 3
3775, 10, 1
3775, 6, 7
3776, 6, 6
3776, 7, 10
3777, 2, 1
3777, 17, 13
3777, 14, 10
3778, 13, 8
3778, 18, 1
3779, 1, 1
3779, 4, 11
3780, 15, 7
3780, 10, 12
3781, 6, 12
3782, 4, 5
3782, 6, 3
3782, 1, 2
3783, 8, 7
3784, 9, 3
3784, 17, 1
3784, 19, 10
3785, 9, 8
3786, 8, 7
3786, 4, 8
3787, 8, 1
3788, 4, 12
3788, 13, 10
3788, 10, 5
3789, 7, 13
3790, 3, 8
3791, 7, 1
3791, 5, 6
3791, 2, 2
3792, 17, 6
3792, 4, 3
3792, 9, 6
3793, 19, 5
3794, 15, 4
3794, 5, 5
3795, 12, 8
3795, 5, 9
3796, 5, 4
3797, 9, 5
3797, 3, 1
3797, 11, 9
3798, 5, 13
3798, 4, 2
3799, 20, 4
3800, 12, 4
3800, 14, 12
3801, 18, 8
3801, 3, 5
3802, 5, 2
3802, 14, 11
3803, 18, 6
3804, 15, 8
3804, 14, 9
3805, 6, 9
3806, 19, 8
3806, 7, 11
3806, 11, 6
3807, 8, 11
3808, 2, 11
3808, 13, 12
3809, 16, 8
3809, 19, 4
3810, 20, 13
3810, 4, 4
3811, 7, 2
3811, 1, 3
3811, 10, 8
3812, 1, 9
3812, 13, 2
3812, 17, 7
3813, 18, 4
3813, 15, 9
3814, 11, 12
3814, 10, 5
3814, 12, 5
3815, 9, 11
3815, 15, 13
3816, 9, 11
3816, 4, 10
3817, 7, 5
3817, 13, 9
3818, 9, 1
3818, 4, 12
3818, 5, 6
3819, 19, 2
3820, 19, 6
3821, 2, 3
3822, 9, 5
3822, 16, 6
3822, 2, 7
3823, 13, 13
3823, 4, 10
3823, 3, 8
3824, 11, 9
3824, 13, 13
3825, 15, 5
3826, 1, 1
3826, 3, 8
3826, 15, 11
3827, 3, 11
3827, 6, 5
3828, 13, 7
3828, 16, 9
3829, 5, 12
3830, 7, 9
3830, 6, 1
3831, 18, 6
3831, 13, 2
3832, 3, 4
3832, 16, 12
3832, 12, 11
3833, 16, 7
3833, 11, 2
3833, 10, 1
3834, 15, 12
3834, 11, 1
3835, 15, 3
3835, 2, 1
3836, 12, 9
3836, 20, 5
3837, 1, 12
3837, 18, 2
3837, 4, 8
3838, 3, 8
3838, 11, 6
3838, 5, 11
3839, 18, 5
3839, 20, 3
3840, 3, 10
3840, 9, 13
3841, 10, 5
3842, 8, 6
3842, 7, 7
3843, 3, 12
3843, 12, 1
3844, 17, 3
3844, 13, 11
3845, 17, 8
3845, 15, 5
3846, 7, 1
3846, 15, 10
3847, 11, 10
3848, 16, 4
3848, 20, 12
3848, 5, 8
3849, 18, 6
3849, 14, 6
3849, 4, 11
3850, 17, 2
3850, 9, 4
3851, 10, 5
3852, 3, 3
3853, 15, 1
3853, 5, 11
3854, 3, 9
3854, 2, 13
3855, 2, 4
3856, 18, 11
3856, 15, 12
3857, 10, 9
3857, 7, 4
3858, 6, 3
3859, 9, 5
3859, 14, 12
3860, 11, 9
3860, 3, 6
3861, 8, 6
3861, 4, 5
3861, 16, 13
3862, 7, 2
3862, 14, 4
3863, 7, 10
3864, 5, 11
3864, 10, 7
3865, 16, 3
3865, 9, 11
3866, 4, 4
3866, 19, 4
3866, 11, 9
3867, 13, 11
3868, 5, 8
3868, 12, 12
3868, 18, 10
3869, 20, 12
3869, 10, 1
3869, 6, 7
3870, 14, 13
3870, 6, 5
3870, 7, 8
3871, 7, 2
3872, 18, 4
3873, 16, 2
3874, 2, 7
3875, 8, 4
3875, 11, 5
3876, 8, 12
3876, 7, 9
3876, 16, 10
3877, 2, 13
3877, 19, 8
3878, 2, 2
3879, 1, 1
3879, 14, 11
3879, 11, 3
3880, 19, 10
3880, 12, 10
3880, 5, 12
3881, 13, 9
3881, 1, 13
3882, 2, 12
3882, 1, 12
3883, 14, 7
3884, 11, 10
3884, 17, 3
3885, 11, 1
3885, 10, 2
3885, 1, 3
3886, 15, 13
3886, 11, 12
3887, 4, 1
3887, 11, 13
3888, 15, 10
3888, 2, 12
3888, 16, 9
3889, 6, 5
3889, 15, 5
3889, 16, 8
3890, 13, 2
3890, 17, 9
3891, 9, 12
3891, 3, 4
3892, 18, 13
3893, 20, 13
3893, 6, 2
3894, 6, 1
3895, 5, 13
3896, 6, 6
3896, 4, 8
3897, 6, 5
3897, 10, 8
3897, 12, 11
3898, 8, 5
3898, 7, 11
3899, 3, 8
3899, 18, 4
3900, 16, 12
3901, 4, 4
3901, 16, 9
3901, 11, 2
3902, 15, 3
3902, 20, 5
3902, 11, 12
3903, 14, 3
3904, 18, 7
3904, 5, 10
3905, 2, 11
3905, 7, 8
3905, 4, 5
3906, 10, 6
3906, 13, 6
3907, 16, 1
3908, 9, 2
3908, 10, 7
3909, 20, 13
3909, 7, 9
3910, 16, 10
3910, 1, 10
3911, 10, 4
3912, 7, 5
3912, 12, 2
3912, 16, 2
3913, 14, 4
3914, 2, 4
3915, 6, 11
3916, 7, 9
3916, 12, 1
3917, 13, 4
3917, 14, 10
3918, 2, 9
3918, 1, 13
3919, 4, 5
3919, 6, 1
3920, 19, 10
3920, 5, 9
3921, 10, 5
3921, 1, 12
3922, 1, 6
3923, 20, 12
3923, 4, 2
3923, 2, 6
3924, 12, 10
3924, 17, 7
3925, 7, 7
3925, 16, 5
3925, 12, 13
3926, 3, 6
3926, 15, 3
3927, 12, 4
3927, 14, 9
3927, 8, 3
3928, 17, 9
3928, 7, 3
3928, 12, 2
3929, 12, 12
3929, 1, 13
3929, 5, 13
3930, 12, 11
3931, 16, 12
3932, 7, 10
3933, 17, 5
3934, 16, 6
3934, 12, 10
3935, 7, 13
3936, 1, 4
3936, 11, 2
3936, 5, 12
3937, 10, 4
3937, 6, 10
3938, 19, 7
3938, 9, 8
3939, 4, 4
3939, 3, 2
3939, 17, 9
3940, 7, 6
3940, 13, 9
3941, 9, 6
3942, 7, 1
3943, 17, 7
3944, 3, 13
3944, 2, 2
3945, 18, 13
3945, 19, 8
3946, 17, 5
3946, 20, 11
3946, 2, 4
3947, 10, 10
3948, 13, 1
3948, 9, 3
3948, 7, 7
3949, 9, 7
3950, 14, 2
3951, 17, 1
3952, 16, 5
3952, 6, 6
3952, 18, 1
3953, 2, 10
3953, 11, 13
3954, 20, 10
3954, 15, 5
3954, 2, 9
3955, 4, 6
3955, 18, 8
3956, 15, 8
3956, 20, 2
3956, 7, 2
3957, 2, 12
3957, 13, 7
3957, 7, 6
3958, 13, 10
3958, 10, 1
3959, 10, 5
3959, 7, 5
3959, 6, 9
3960, 10, 7
3961, 6, 13
3961, 3, 10
3961, 2, 6
3962, 6, 8
3962, 15, 9
3963, 10, 11
3963, 20, 12
3964, 14, 8
3965, 14, 1
3965, 4, 3
3966, 20, 11
3966, 19, 10
3966, 11, 12
3967, 9, 5
3967, 4, 10
3967, 2, 7
3968, 9, 10
3968, 15, 7
3968, 17, 9
3969, 13, 3
3970, 9, 7
3970, 17, 9
3971, 5, 2
3972, 6, 2
3972, 19, 9
3973, 16, 1
3973, 7, 1
3974, 7, 3
3974, 17, 9
3974, 8, 8
3975, 17, 1
3975, 9, 12
3976, 10, 5
3977, 5, 3
3977, 6, 9
3978, 13, 8
3979, 17, 10
3979, 3, 8
3979, 4, 6
3980, 5, 7
3980, 9, 1
3980, 4, 7
3981, 8, 9
3981, 10, 3
3981, 11, 7
3982, 6, 8
3982, 8, 1
3982, 15, 12
3983, 4, 13
3984, 8, 8
3984, 3, 10
3985, 19, 10
3985, 8, 9
3986, 13, 9
3986, 9, 5
3987, 18, 2
3987, 8, 3
3987, 7, 7
3988, 12, 12
3989, 10, 13
3989, 1, 7
3989, 16, 4
3990, 15, 1
3990, 7, 7
3991, 11, 12
3991, 19, 13
3991, 16, 7
3992, 14, 4
3992, 2, 7
3992, 4, 10
3993, 7, 12
3993, 14, 7
3994, 18, 3
3994, 1, 2
3994, 4, 6
3995, 18, 2
3996, 1, 10
3996, 18, 1
3996, 13, 4
3997, 20, 7
3997, 10, 13
3998, 6, 6
3998, 13, 11
3999, 2, 3
3999, 8, 13
3999, 18, 12
4000, 19, 10
4000, 10, 13
4000, 13, 12
4001, 20, 3
4002, 2, 8
4002, 19, 4
4003, 2, 11
4003, 15, 2
4003, 5, 13
4004, 8, 8
4005, 3, 3
4005, 12, 7
4005, 8, 13
4006, 8, 11
4006, 11, 13
4007, 8, 11
4008, 19, 7
4009, 14, 4
4009, 13, 11
4009, 8, 4
4010, 4, 11
4010, 3, 10
4010, 2, 8
4011, 17, 7
4011, 12, 8
4011, 14, 13
4012, 12, 5
4012, 3, 7
4012, 2, 11
4013, 1, 13
4014, 7, 9
4014, 1, 11
4015, 3, 6
4015, 14, 8
4016, 5, 6
4016, 11, 10
4017, 16, 2
4018, 7, 7
4018, 9, 12
4018, 17, 3
4019, 6, 9
4019, 4, 3
4020, 9, 11
4021, 1, 12
4021, 3, 2
4022, 5, 2
4023, 13, 4
4023, 11, 9
4024, 20, 4
4024, 17, 5
4024, 6, 11
4025, 13, 5
4025, 9, 6
4026, 20, 8
4026, 15, 7
4026, 14, 11
4027, 10, 12
4027, 13, 13
4027, 14, 8
